scheme,n_steps,dt,err,p_err
CN,10,2.0,0.0009046504873008177,
CN,20,1.0,0.00022570932280682743,2.0028945035114085
CN,40,0.5,5.63991018934229e-05,2.000721915275251
CN,80,0.25,1.4098012764196532e-05,2.0001803724281055
CN,160,0.125,3.524393048320862e-06,2.0000450857446284
CN,320,0.0625,8.810913817436372e-07,2.0000112657879883
CN,640,0.03125,2.202724089239716e-07,2.000002858973518
BE,10,2.0,0.026170299653233087,
BE,20,1.0,0.013308344787530735,0.9755992949092395
BE,40,0.5,0.006710399063664968,0.9878606782580828
BE,80,0.25,0.003369286231324403,0.9939555701526744
BE,160,0.125,0.0016881667838329062,0.9969855517526339
BE,320,0.0625,0.0008449644374120824,0.9984949152290968
BE,640,0.03125,0.00042270248823284007,0.9992480181939937
FE,10,2.0,0.027961100836612643,
FE,20,1.0,0.013758628646043339,1.0230844806573496
FE,40,0.5,0.006823126671509611,1.0118317751664259
FE,80,0.25,0.0033974778497101454,1.0059688550262165
FE,160,0.125,0.0016952152945581278,1.0029956360358199
FE,320,0.0625,0.0008467266029621168,1.0015003868112164
FE,640,0.03125,0.00042314303199353365,1.000750807624035
