scheme,n_steps,dt,L2 temporal,Linf temporal,L2 vs exact,p_L2 temporal,p_Linf temporal
CN,5,0.8,0.00560352491261335,0.01060380401104788,0.005593380695884044,,
CN,10,0.4,0.0015075702317873575,0.002695374240674897,0.0014972001348262799,1.8941094307812183,1.9760244066284787
CN,20,0.2,0.0003830204697745968,0.0006751809099155848,0.0003726139341681839,1.9767318118793455,1.997139579714732
CN,40,0.1,9.612643750292483e-05,0.00016885783635578466,8.577863649613004e-05,1.9944163233724956,1.9994649803190767
CN,80,0.05,2.405056916723421e-05,4.2210836063594215e-05,1.4179796995291413e-05,1.9988622313121303,2.0001238235697496
CN + Rannacher,5,0.8,0.018797454093547546,0.024314356728469322,0.01879436496246928,,
CN + Rannacher,10,0.4,0.002488782412325392,0.003808378075032315,0.0024836596231722448,2.917025268181605,2.6745598097202747
CN + Rannacher,20,0.2,0.00041193863107516547,0.000766917979137971,0.0004019980243545033,2.594938773065308,2.312032511893921
CN + Rannacher,40,0.1,0.00011226993486299609,0.0001723269154664253,0.0001016502245046365,1.8754577912512513,2.1539242402525534
CN + Rannacher,80,0.05,3.144921584894197e-05,4.089734753398577e-05,2.1606991368238545e-05,1.8358756847083562,2.07506886849308
BE,5,0.8,0.0693507581827928,0.09450044864957313,0.06944757501116958,,
BE,10,0.4,0.039247559960359675,0.05345529920343417,0.039345038734813924,0.8213086912665893,0.8219882044349234
BE,20,0.2,0.02101427853187804,0.02840882848667514,0.02111206362778699,0.9012330374209946,0.9119936348414563
BE,40,0.1,0.010861695197025819,0.014617494237640027,0.010959615382539459,0.9521206425703366,0.9586433168085117
BE,80,0.05,0.005491519160617737,0.007390792998620999,0.005589501257551146,0.9839720705239363,0.9838949501585323
