case,N,h,L1,L2,Linf,p_L1,p_L2,p_Linf
A-central,100,0.01,0.1657011427084694,0.383606264662088,1.5135308074016667,,,
A-central,200,0.005,0.04212635168537816,0.10129101949487353,0.3961861940845104,1.9757886685869661,1.9211200113072886,1.9336675284615947
A-central,400,0.0025,0.01060106964141747,0.02551949796310287,0.09747160025087087,1.9905131388332236,1.9888344170315546,2.023124772151539
A-central,800,0.00125,0.0026532579879233603,0.006389218869229273,0.024238439670855705,1.9983729721038508,1.9978884811189725,2.007685100668204
A-central,1600,0.000625,0.0006635357179552709,0.0015978403558135222,0.006052109256263982,1.9995189292625246,1.9995162892412308,2.0017868922330773
A-upwind,100,0.01,0.5851067162337977,1.1871944547536888,4.5727623297434565,,,
A-upwind,200,0.005,0.38655470760044963,0.8291988382566952,3.31191953976656,0.5980271707621655,0.5177662581439951,0.4653983124946941
A-upwind,400,0.0025,0.23373266666682002,0.522322970825562,2.1475890315712576,0.7258132272383047,0.6667759429303121,0.6249496825074511
A-upwind,800,0.00125,0.13137543943162444,0.301682343188564,1.2675993998632826,0.8311637906403433,0.7919118910881225,0.7606190599234268
A-upwind,1600,0.000625,0.07022636429824157,0.1638566561045362,0.6982891654091627,0.9036109376072042,0.8805959826326254,0.8602023885142149
