case,advection,N,h,cell Peclet,L1,L2,Linf,p_L1,p_L2,p_Linf
"Pe=10, Da=1",central,20,0.05,0.5000000000000001,0.0017986253756306194,0.002030461397924435,0.0038665028672539847,,,
"Pe=10, Da=1",central,40,0.025,0.25000000000000006,0.0004492056800678407,0.0005075922624169028,0.0009767881325273287,2.001446652598384,2.0000656173036018,1.9849117053540426
"Pe=10, Da=1",central,80,0.0125,0.12500000000000003,0.00011233170111510233,0.00012689619125967754,0.0002452375065769008,1.9996110423060784,2.00002130944662,1.9938660310260459
"Pe=10, Da=1",central,160,0.00625,0.06250000000000001,2.8081984079289524e-05,3.1723923974355524e-05,6.142575531753458e-05,2.000048352747175,2.0000056318322654,1.9972640435955948
"Pe=10, Da=1",central,320,0.003125,0.03125000000000001,7.020812650273406e-06,7.93097285061452e-06,1.537015275143716e-05,1.9999349346713617,2.0000014812587206,1.9987121898242801
"Pe=10, Da=1",central,640,0.0015625,0.015625000000000003,1.755196599415379e-06,1.982742634547758e-06,3.844200982650037e-06,2.0000053946153646,2.000000420644787,1.999375832642989
"Pe=10, Da=1",central,1280,0.00078125,0.007812500000000002,4.388037519749595e-07,4.956889601314343e-07,9.612522793300826e-07,1.9999848691081215,1.9999903910194088,1.9996967459933237
"Pe=10, Da=1",upwind,20,0.05,0.5000000000000001,0.017776267046290383,0.02114071182629761,0.03480917562651831,,,
"Pe=10, Da=1",upwind,40,0.025,0.25000000000000006,0.009164345809884223,0.01083831388044194,0.01783918637485815,0.9558485912526611,0.9638836206727586,0.9644178305588247
"Pe=10, Da=1",upwind,80,0.0125,0.12500000000000003,0.004643973674744154,0.005488993739608889,0.009042884914324034,0.9806721046785709,0.9815267346908282,0.9801948088256491
"Pe=10, Da=1",upwind,160,0.00625,0.06250000000000001,0.0023376887022408667,0.002762335392656278,0.004551941031423423,0.9902769675144474,0.9906531968847194,0.9903012349011008
"Pe=10, Da=1",upwind,320,0.003125,0.03125000000000001,0.0011729421644078965,0.0013856762796299333,0.0022835499909612533,0.9949509480020842,0.99529824118413,0.995203495011612
"Pe=10, Da=1",upwind,640,0.0015625,0.015625000000000003,0.0005874822964929412,0.0006939715036114219,0.0011436639148492134,0.9975145960183908,0.9976419277145329,0.9976152193664858
"Pe=10, Da=1",upwind,1280,0.00078125,0.007812500000000002,0.00029399542344244324,0.0003472698678643021,0.0005723084347108998,0.9987516802431258,0.9988191875152739,0.9987983791805697
"Pe=200, Da=1",central,20,0.05,10.000000000000002,0.002135382731616475,0.0024091809706895386,0.004387664508881839,,,
"Pe=200, Da=1",central,40,0.025,5.000000000000001,0.0005343041442822633,0.0006012534390183426,0.0010984447425153032,1.9987615595107169,2.0024976228440483,1.9979909215909804
"Pe=200, Da=1",central,80,0.0125,2.5000000000000004,0.00013350430820095323,0.00015024957771918434,0.0002746143478116192,2.0007749087230944,2.0006123045530892,1.999983387278425
"Pe=200, Da=1",central,160,0.00625,1.2500000000000002,3.33763923430791e-05,3.755843196655183e-05,6.864326988775815e-05,1.9999863713980328,2.000152198167984,2.000216820386047
"Pe=200, Da=1",central,320,0.003125,0.6250000000000001,8.343824273120831e-06,9.38936070398194e-06,1.7160065442611838e-05,2.0000473429996024,2.000037995768651,2.0000632238386493
"Pe=200, Da=1",central,640,0.0015625,0.31250000000000006,2.0859723037794376e-06,2.3473247692272106e-06,4.289981051286418e-06,1.9999887712002045,2.000009469160609,2.0000118742805064
"Pe=200, Da=1",central,1280,0.00078125,0.15625000000000003,5.214917199806469e-07,5.868300008727128e-07,1.0724916461590794e-06,2.000003751239429,2.0000029290839008,2.0000048650563484
"Pe=200, Da=1",upwind,20,0.05,10.000000000000002,0.0212442911869693,0.025046317479897464,0.04121475743036496,,,
"Pe=200, Da=1",upwind,40,0.025,5.000000000000001,0.010782355221881413,0.012724333092077048,0.020949211664414324,0.9784028644440113,0.9770084581323429,0.9762650487229915
"Pe=200, Da=1",upwind,80,0.0125,2.5000000000000004,0.005432866289471559,0.006411210719886556,0.010551964211634512,0.9888868988845192,0.9889213114707905,0.9893843785564947
"Pe=200, Da=1",upwind,160,0.00625,1.2500000000000002,0.002727689205897622,0.0032177016887759715,0.005294322554926456,0.9940342682577819,0.9945662462910625,0.9949935782591958
"Pe=200, Da=1",upwind,320,0.003125,0.6250000000000001,0.0013665216401903717,0.0016118537803862076,0.0026516224472588057,0.9971709659098195,0.9973097054012099,0.9975707221144624
"Pe=200, Da=1",upwind,640,0.0015625,0.31250000000000006,0.0006839308526501297,0.0008066749456990402,0.0013269391804167086,0.9985859294773204,0.9986615219924543,0.9987731241062323
"Pe=200, Da=1",upwind,1280,0.00078125,0.15625000000000003,0.0003421347986877724,0.00040352414920445537,0.0006637489098402227,0.9992856231768377,0.9993324330989095,0.9993927555204298
