case,N,h,cell Peclet,L1,L2,Linf,outlet error,p_L2,p_Linf,p_outlet error
"Pe=10, Da=1",50,0.02,0.2,4.6566513487493744e-05,6.328215942774814e-05,0.00020559788989937822,4.6566513477785954e-05,,,
"Pe=10, Da=1",100,0.01,0.1,1.164250833703806e-05,1.5822063567783963e-05,5.2949106487010233e-05,1.1642508371489946e-05,1.9998610575713505,1.957147213737829,1.9998909493962522
"Pe=10, Da=1",200,0.005,0.05,2.910682312996238e-06,3.95561097866721e-06,1.3437446110819984e-05,2.9106818094093434e-06,1.999965319443511,1.9783473700634129,1.9999728792002949
"Pe=10, Da=1",400,0.0025,0.025,7.276737095666952e-07,9.889084190933438e-07,3.3847991303126435e-06,7.276743092532456e-07,1.9999917216899357,1.9891168437327278,1.9999923532458252
"Pe=10, Da=1",800,0.00125,0.0125,1.819197605040096e-07,2.47228364579005e-07,8.494074157372467e-07,1.819173783834671e-07,1.9999926484162724,1.9945416108442573,2.000009508076998
"Pe=10, Da=1",1600,0.000625,0.00625,4.547596271820692e-08,6.18038904356907e-08,2.1274904266066486e-07,4.548461396414183e-08,2.0000747125705334,1.9973040641544422,1.9998328548667432
"Pe=100, Da=2",50,0.02,2.0,7.976745826857701e-05,0.00017673394238690816,0.0010989590712578712,0.00012078286480385336,,,
"Pe=100, Da=2",100,0.01,1.0,1.9837812721911484e-05,4.369961491590299e-05,0.00034163896069372424,3.020363652880831e-05,2.0158866694878013,1.6855932415376103,1.9996216311184403
"Pe=100, Da=2",200,0.005,0.5,4.9525365322117264e-06,1.0888528405891127e-05,9.633902487557466e-05,7.551404451522359e-06,2.0048115809143794,1.8262802836315486,1.9999053661913029
"Pe=100, Da=2",400,0.0025,0.25,1.2377661041484966e-06,2.7197787884207983e-06,2.566099555498247e-05,1.8878820972623167e-06,2.001247765114161,1.9085431783983302,1.9999763219425868
"Pe=100, Da=2",800,0.00125,0.125,3.094242973708528e-07,6.797964872796686e-07,6.627404180253871e-06,4.719726249546863e-07,2.0003145033534424,1.9530613312178156,1.9999935788895233
"Pe=100, Da=2",1600,0.000625,0.0625,7.735492618178921e-08,1.6993975903730754e-07,1.6843864302229505e-06,1.1799376281595997e-07,2.000079482682747,1.9762207485911998,1.9999925834359853
"Pe=1000, Da=1",500,0.002,2.0,6.11176092877197e-07,7.165983999949352e-06,0.00015862042362357887,6.111760426086299e-07,,,
"Pe=1000, Da=1",1000,0.001,1.0,1.5279416944269377e-07,1.7578058263415018e-06,4.850235943765213e-05,1.5279418674740697e-07,2.027389108420967,1.7094517060824552,1.9999983372934864
"Pe=1000, Da=1",2000,0.0005,0.5,3.81983872548286e-08,4.3712160007100817e-07,1.3564500458140838e-05,3.819878979793856e-08,2.0076691391071595,1.8382190118531063,1.999990818131221
"Pe=1000, Da=1",4000,0.00025,0.25,9.548780058460382e-09,1.0913218264335421e-07,3.598121472048188e-06,9.55086582044018e-09,2.001958060302537,1.9145201205598255,1.9998235022745918
"Pe=1000, Da=1",8000,0.000125,0.125,2.3829276241185694e-09,2.7273335730468783e-08,9.273478338012175e-07,2.393789555465986e-09,2.0005135409711023,1.956061414556308,1.9963351979654864
