estimator,method,QoI,rate,rate 95% CI low,rate 95% CI high,RMSE at n=4096,RMSE at n=16
mean,mc,C_out,-0.5350248591554335,-0.6503637954970963,-0.4254002504163257,0.00116944199132904,0.02249559226658615
mean,mc,X,-0.538429646527461,-0.6352555719285421,-0.4389627863515306,0.0011917535631701616,0.021758469365124405
mean,mc,peak,-0.5025485179027094,-0.6083163473767909,-0.40209668206466403,0.0004268477838798345,0.008075130818370897
mean,mc,t_mean,-0.44528645973659503,-0.5132759703093058,-0.358933360915076,0.012863201954911047,0.16970732068372293
mean,mc,exposure,-0.5350248605619955,-0.641983553196394,-0.4310662152493236,0.002931355432267806,0.05638807095168515
mean,rqmc,C_out,-1.1574510485625134,-1.2422227802886965,-1.094854546292235,5.56015453775688e-06,0.003032796623429061
mean,rqmc,X,-1.1666727692493353,-1.2657019809930496,-1.0952885230986236,4.7141220906332424e-06,0.0028175504513450094
mean,rqmc,peak,-1.109300405863196,-1.181174054910444,-1.0361986151882077,2.886091209030738e-06,0.001390238983092979
mean,rqmc,t_mean,-1.066494977842435,-1.179112677650714,-0.9397751928513753,6.40311152613497e-05,0.028239507301394896
mean,rqmc,exposure,-1.157450744310253,-1.2423328678267593,-1.0886974158037266,1.3937252294826863e-05,0.007602091896813126
var,mc,C_out,-0.5382847401569947,-0.6236643115218032,-0.46031063824022733,0.00010939883032128959,0.001813469454028395
var,mc,X,-0.5276963079602421,-0.6196115606211074,-0.44021716635501,9.979568369582615e-05,0.0016598225693825483
var,mc,peak,-0.4745139452669971,-0.5537860920713942,-0.3877220350802575,2.3767253833318332e-05,0.00033489251841169003
var,mc,t_mean,-0.5203870074991052,-0.6110487765159888,-0.4335447848738105,0.012873599438870578,0.22630046339107632
var,mc,exposure,-0.538284732330891,-0.6159983095693143,-0.47083639688161083,0.0006873727197281078,0.011394357896404462
var,rqmc,C_out,-1.0088664871191932,-1.0744999017177221,-0.9386339583304495,2.818891193277532e-06,0.001107466691943551
var,rqmc,X,-1.0939614037955896,-1.2025818186390518,-0.9972811801478035,1.874179741248283e-06,0.0009113900653655795
var,rqmc,peak,-0.8768557528410589,-0.9646232950495829,-0.8077359359072176,9.460311148666074e-07,0.00018575895500770354
var,rqmc,t_mean,-0.9660451286088615,-1.0339401383074298,-0.9039156103425405,0.00035947842026526117,0.06905477064244854
var,rqmc,exposure,-1.0088665103926018,-1.0763022218485516,-0.9430882360099798,1.77116050548276e-05,0.0069584143843094744
