estimator,QoI,MSE ratio MC/RQMC,95% CI low,95% CI high
mean,C_out,44236.79386654191,15014.9444808898,121518.18794781357
mean,X,63910.36030779654,24894.43583026209,188724.12769479209
mean,peak,21873.886687786176,9657.932152087555,47829.634844513836
mean,t_mean,40356.73694522919,21196.057751506236,88900.00409458349
mean,exposure,44236.69144243682,15244.130302923293,119198.79651806047
var,C_out,1506.1517529083885,841.6851031887717,2664.8165599561003
var,X,2835.3131849532433,1477.8860416956993,6372.3551403227575
var,peak,631.17119097513,260.83017123197294,1909.0802869370282
var,t_mean,1282.4910260314532,633.5887573037593,2367.4847515954343
var,exposure,1506.151799594058,886.7409893839523,2567.9926632043403
