QoI,input,S,S SE,ST,ST SE
C_out,u,0.16500142871690981,0.00024765561827779067,0.16613761085984236,0.00014586410725435126
C_out,D,0.008337281885401268,0.0001290795876760753,0.008638076455688513,8.583829952153499e-06
C_out,k,0.7545248947976299,0.0003728057364482373,0.7571657606730957,0.0006634988516825195
C_out,C_in,0.06847504978815941,0.0005220754839921541,0.07097759195974862,7.606633131410702e-05
X,u,0.17879642302579324,0.0003523653331163612,0.17835079315671698,0.00012130300214059387
X,D,0.009092200633040379,0.0001423888348021299,0.009269577151761658,4.987673702947544e-06
X,k,0.8124133896137277,0.0007324667525155312,0.8130472162619687,0.00038264296919024595
X,C_in,-7.972968916980177e-18,2.786088553728456e-16,7.319004159392952e-30,8.820292691513343e-32
peak,u,0.5441351757677245,0.0008499924685517673,0.5544212649564217,0.0005006813242410332
peak,D,0.014906341792967261,0.0005580291139548174,0.02334938912667165,8.96152476042848e-05
peak,k,0.3749328109590835,0.0008555237099705001,0.3842497328243051,0.00044587456413885474
peak,C_in,0.05017385706494025,0.0005088402374912027,0.05272350288569031,5.3844700806194666e-05
t_mean,u,0.7298647897614419,0.0014097934406401933,0.736044502723723,0.00066218344348293
t_mean,D,0.16393593871997014,0.0009753037315359299,0.17311488526679458,0.00016989379950638404
t_mean,k,0.09489089065840495,0.0006711467063208963,0.10245309044635784,0.00013016915531269995
t_mean,C_in,1.4708060939309129e-15,3.4708227289530216e-15,8.85442940216369e-28,1.1558523039339138e-29
exposure,u,0.16500143751938293,0.000247656121530079,0.16613761872097887,0.0001458643616100578
exposure,D,0.008337282377053798,0.0001290798079233907,0.008638074975887668,8.583809544496672e-06
exposure,k,0.7545248879468986,0.0003728055689022892,0.7571657559802494,0.0006634990373436099
exposure,C_in,0.06847505035515775,0.0005220753957700898,0.07097759226833414,7.606633584915781e-05
