case,n,bias,sd,rmse,sd delta-method,coverage 95% CI,coverage CI low,coverage CI high,invalid fraction
S1 noise only,1,1.6420190696933568e-05,0.0031491112616726723,0.0031490753430124937,0.00315998658956017,0.95035,0.9472520921204604,0.9532749410038062,0.0
"S2 offset, uncorrected",1,-0.0017227291732483524,0.0030708177171693525,0.003520972274865218,0.00315998658956017,0.90745,0.9033550181776988,0.9113884916401815,0.0
"S3 offset, blank-corrected",1,5.48103608956213e-05,0.003624134671748701,0.003624458521907324,0.0036219679871494197,0.95175,0.948692356645709,0.9546341387776004,0.0
S1 noise only,2,1.4111842325248425e-05,0.002221381976228984,0.002221371266023441,0.002234447945936547,0.95175,0.948692356645709,0.9546341387776004,0.0
"S2 offset, uncorrected",2,-0.0017243076023407689,0.0021663456675161713,0.0027687642741805745,0.002234447945936547,0.8683,0.863542557147567,0.8729159890935063,0.0
"S3 offset, blank-corrected",2,2.8916186635613572e-05,0.002551241543914712,0.0025513416312942295,0.002561118124953945,0.95185,0.9487952587171029,0.9547311982989952,0.0
S1 noise only,4,8.786780403918781e-06,0.0015869849106605132,0.001586969561182158,0.001579993294780085,0.94865,0.9455040865769061,0.9516235994699512,0.0
"S2 offset, uncorrected",4,-0.0017292578764023653,0.0015475902372055186,0.0023206138398312497,0.001579993294780085,0.79275,0.7870764695917787,0.798311093297372,0.0
"S3 offset, blank-corrected",4,2.0971614302214836e-05,0.0018193760770124673,0.00181945145902446,0.0018109839935747099,0.9492,0.9460695138641995,0.9521579609429962,0.0
S1 noise only,8,3.502015941389547e-06,0.0011175164222565384,0.0011174939713398937,0.0011172239729682735,0.95045,0.9473549458994485,0.9533720488176068,0.0
"S2 offset, uncorrected",8,-0.0017342076550935642,0.0010898764265302313,0.0020482303153112865,0.0011172239729682735,0.6423,0.6356302966624698,0.6489150498759628,0.0
"S3 offset, blank-corrected",8,1.2783195952006943e-05,0.001279943200396663,0.0012799750363232042,0.0012805590624769725,0.9523,0.9492583618200763,0.9551679223635716,0.0
S1 noise only,16,9.555258140628298e-06,0.0007917678892628233,0.0007918057518143683,0.0007899966473900425,0.9525,0.949464208589325,0.9553619987799002,0.0
"S2 offset, uncorrected",16,-0.0017282335468211535,0.0007720792577038413,0.0018928464721724042,0.0007899966473900425,0.38875,0.3820161642217091,0.39552656380077417,0.0
"S3 offset, blank-corrected",16,1.2684167041074335e-05,0.0009067077599064582,0.0009067738108370905,0.0009054919967873549,0.9517,0.9486409069288971,0.9545856076980178,0.0
S1 noise only,32,6.63724757986317e-06,0.0005615250217965963,0.0005615502093683157,0.0005586119864841368,0.95005,0.9469435509965595,0.9529835973493407,0.0
"S2 offset, uncorrected",32,-0.0017310393703701826,0.0005475790959443275,0.0018155784686824886,0.0005586119864841368,0.1133,0.10898130529794788,0.11776721538784345,0.0
"S3 offset, blank-corrected",32,8.449045454744786e-06,0.0006462611617574158,0.0006463002343266488,0.0006402795312384863,0.94765,0.9444762853326596,0.9506517847863099,0.0
S1 noise only,64,-1.267886440697863e-07,0.00039764119456384904,0.0003976312736236229,0.00039499832369502123,0.94975,0.9466350399915118,0.952692223576022,0.0
"S2 offset, uncorrected",64,-0.001737663242440457,0.00038778331922338275,0.0017804049898833346,0.00039499832369502123,0.0062,0.0052029327582601165,0.0073867220507488115,0.0
"S3 offset, blank-corrected",64,1.025653871666865e-06,0.0004547105015269541,0.0004547002903921975,0.00045274599839367747,0.94855,0.9454012921170923,0.9515264323369762,0.0
S1 noise only,128,2.635720271870756e-06,0.00027786007416566677,0.0002778656285431156,0.0002793059932420684,0.94995,0.9468407106610043,0.9528864760921071,0.0
"S2 offset, uncorrected",128,-0.0017349438784014515,0.0002709694613720201,0.001755975808197959,0.0002793059932420684,0.0,0.0,0.00019203605610462553,0.0
"S3 offset, blank-corrected",128,3.938358902014216e-06,0.00032091268663731804,0.0003209288299109327,0.0003201397656192431,0.95085,0.9477663949622688,0.9537604461259417,0.0
S1 noise only,256,1.460608611003611e-07,0.00019832579538049376,0.00019832089095963884,0.00019749916184751061,0.9494,0.9462751482126229,0.9523522497801503,0.0
"S2 offset, uncorrected",256,-0.0017373634686287387,0.00019339070930818073,0.0017480932236508709,0.00019749916184751061,0.0,0.0,0.00019203605610462553,0.0
"S3 offset, blank-corrected",256,-1.247490495071002e-07,0.0002258884819473909,0.00022588286911252975,0.00022637299919683873,0.94795,0.9447845924392392,0.9509433624580966,0.0
S1 noise only,512,3.974825454056141e-07,0.0001394608564857719,0.00013945793637364055,0.0001396529966210342,0.95175,0.948692356645709,0.9546341387776004,0.0
"S2 offset, uncorrected",512,-0.0017371037287072788,0.00013601025072304407,0.0017424199343588468,0.0001396529966210342,0.0,0.0,0.00019203605610462553,0.0
"S3 offset, blank-corrected",512,1.0949046891362002e-07,0.00016007969068052111,0.00016007572608351861,0.00016006988280962156,0.95205,0.9490010734474085,0.9549253067542672,0.0
S1 noise only,1024,-3.386023464391208e-07,9.814279358630119e-05,9.814092410445143e-05,9.874958092375531e-05,0.9518,0.9487438072413451,0.9546826689783586,0.0
"S2 offset, uncorrected",1024,-0.0017378235075353465,9.571436629184638e-05,0.0017404572172837632,9.874958092375531e-05,0.0,0.0,0.00019203605610462553,0.0
"S3 offset, blank-corrected",1024,-5.780068199207067e-07,0.00011289678869934009,0.00011289544590576889,0.00011318649959841937,0.95105,0.9479721399991845,0.9539546242746033,0.0
