x,initial,exact,numerical
0.00125,3.2063158458375606e-21,0.020573346762297055,0.02058599861594803
0.00375,4.0143412434295644e-21,0.020631126606720902,0.020643778272168612
0.00625,5.8254112404665855e-21,0.020746781165670948,0.020759432426052434
0.00875,9.074515910870403e-21,0.020920500181415422,0.020933150762596338
0.01125,1.45363827828593e-20,0.021152568272294656,0.021165217814353966
0.01375,2.3501837125787935e-20,0.021443364938029657,0.02145601296688869
0.01625,3.806895802814003e-20,0.021793364565772248,0.02180601046501693
0.01875,6.161149941247612e-20,0.02220313643601867,0.02221577941896326
0.02125,9.952401148750017e-20,0.022673344727290223,0.022685983809331987
0.02375,1.6040005391186912e-19,0.02320474851827064,0.02321738248958435
0.02625,2.578879145870486e-19,0.02379820178587535,0.023810829184497874
0.02875,4.136042273576647e-19,0.02445465339751851,0.024467272482873295
0.03125,6.61695563391493e-19,0.025175147095634842,0.0251877558225472
0.03375,1.0559606282869087e-18,0.02596082147230935,0.02597341746556375
0.03625,1.6809405906865284e-18,0.026812909931667028,0.026825490461157956
0.03875,2.669142308350214e-18,0.02773274063747736,0.02774530259400631
0.04125,4.2277146753412136e-18,0.02872173644323641,0.02873427631500768
0.043750000000000004,6.679656500237035e-18,0.0297814148018011,0.029793928651669806
0.04625,1.052730217695661e-17,0.03091338765146757,0.030925871094994055
0.04875,1.6549868249543644e-17,0.03211936127520898,0.03213180945957392
0.051250000000000004,2.5952935160251244e-17,0.03340113612961628,0.033413543713451704
0.05375,4.059690365051934e-17,0.034760606639921504,0.03477296777411306
0.05625,6.334521698554289e-17,0.036199760957324405,0.03621206926684093
0.058750000000000004,9.85937154712298e-17,0.03772068067469318,0.03773292924149999
0.06125,1.5307318758509436e-16,0.039325540496566905,0.039337721843679105
0.06375,2.370628529689246e-16,0.04101660785925171,0.04102871393598466
0.06625,3.662202672199919e-16,0.04279624249667714,0.04280826466515084
0.06875,5.643333699351619e-16,0.044666895947560695,0.04467882497051517
0.07125000000000001,8.674482512012721e-16,0.04663111099932131,0.04664293702929978
0.07375,1.3300436925413779e-15,0.04869152106408303,0.048703233634039805
0.07625,2.0342425214825308e-15,0.050850849482023786,0.05086243749741269
0.07875,3.1035163387885623e-15,0.05311190874724461,0.05312336047964431
0.08125,4.7230205166804306e-15,0.05547759965127047,0.05548890273360162
0.08375,7.169685673728669e-15,0.05795091033923827,0.05796205176262661
0.08625000000000001,1.085662627900887e-14,0.06053491527378465,0.06054588138612386
0.08875,1.6398500912373318e-14,0.06323277410161728,0.06324355060788311
0.09125,2.4707448370122362e-14,0.0660477304177346,0.06605830238210156
0.09375,3.713352115486368e-14,0.06898311042225626,0.06899346227206551
0.09625,5.5669696954998397e-14,0.07204232146483534,0.0720524369964615
0.09875,8.325035031994512e-14,0.0752288504716477,0.07523871285830928
0.10125,1.241846078963792e-13,0.07854626224999187,0.07855585405154891
0.10375000000000001,1.8478382779645903e-13,0.08199819766558616,0.08200750084036496
0.10625,2.7426768219204843e-13,0.08558837168771778,0.08559736760640056
0.10875,4.06068967927726e-13,0.08932057129748269,0.08932924075909718
0.11125,5.997074655279646e-13,0.09319865325445495,0.09320697650449455
0.11375,8.834736419981542e-13,0.0972265417172387,0.09723449846794213
0.11625,1.2982616463009548e-12,0.10140822571349105,0.10141579516630442
0.11875000000000001,1.903028733408693e-12,0.10574775645514874,0.10575491732539108
0.12125,2.782549842815108e-12,0.11024924449476173,0.11025597503850912
0.12375,4.058401852809294e-12,0.11491685671901561,0.11492313476221558
0.12625,5.904479663232606e-12,0.1197548131757275,0.11976061614554978
0.12875,8.568853207604025e-12,0.12476738373081558,0.1247726886892408
0.13125,1.2404471435710116e-11,0.12995888455197788,0.12996366823162028
0.13375,1.7912174528113366e-11,0.13533367441606753,0.1353379132582221
0.13625,2.580078082057952e-11,0.14089615083742119,0.14089982103232015
0.13875,3.7070792897814986e-11,0.14665074601468459,0.14665382354394216
0.14125000000000001,5.3130681842425746e-11,0.1526019225939823,0.15260438327520004
0.14375000000000002,7.595797744614038e-11,0.15875416924660116,0.1587559887801006
0.14625,1.0832180381753376e-10,0.1651119960596948,0.16511315007733623
0.14875,1.5408943520353836e-10,0.1716799297388703,0.17168039385491177
0.15125,2.1864740723645224e-10,0.1784625086218927,0.178462258485834
0.15375,3.094783614644853e-10,0.18546427750312636,0.1854632888544781
0.15625,4.3694898463897346e-10,0.1926897822687402,0.19268803099364884
0.15875,6.153832467635977e-10,0.20014356434311867,0.20014102653277258
0.16125,8.64520093549298e-10,0.20783015494735618,0.20782680695808942
0.16375,1.2114876839789548e-09,0.21575406917115897,0.21574988768616346
0.16625,1.6934695957350473e-09,0.2239197998599419,0.22391476195248955
0.16875,2.361295246676968e-09,0.23233181131937963,0.23232589451744906
0.17125,3.284261056819247e-09,0.2409945328401594,0.24098771519235593
0.17375000000000002,4.5565856410192035e-09,0.24991235204618203,0.24990461218882948
0.17625,6.306027968334303e-09,0.2590896080699636,0.25908092529524185
0.17875,8.705360023068615e-09,0.26853058455951134,0.2685209388845043
0.18125,1.1987595213647212e-08,0.2782395025214739,0.27822887475798636
0.18375,1.6466143330005994e-08,0.28822051300589846,0.28820888483089435
0.18625,2.25614081382652e-08,0.2984776896384746,0.29846504366497884
0.18875,3.083578447297357e-08,0.30901502100668377,0.3090013408549887
0.19125,4.2039572385296144e-08,0.31983640290683313,0.31982167327583844
0.19375,5.717103665092647e-08,0.33094563045949954,0.3309298371980134
0.19625,7.755473768755232e-08,0.34234639010147117,0.3423295202792914
0.19875,1.0494338980957455e-07,0.35404225146282725,0.3540242934414175
0.20125,1.4164991962167083e-07,0.3660366591383546,0.36601760264092476
0.20375000000000001,1.9071816760302446e-07,0.37833292436305205,0.37831276054384666
0.20625000000000002,2.561428794834396e-07,0.3909342166020207,0.39091293811461875
0.20875,3.431523666072536e-07,0.4038435550655885,0.4038211561300077
0.21125,4.585705902301817e-07,0.41706380016104794,0.4170402766294492
0.21375,6.112795788647708e-07,0.4305976448929161,0.4305729943136993
0.21625,8.128081798399952e-07,0.44444760622415,0.4444218279042268
0.21875,1.0780793630589608e-06,0.4586160164112474,0.4585891114762813
0.22125,1.4263558542447444e-06,0.4731050143266656,0.4730769857790622
0.22375,1.8824330287859925e-06,0.48791653678246344,0.4878873895568969
0.22625,2.4781390354293804e-06,0.5030523098695345,0.5030220508857963
0.22875,3.25421537238698e-06,0.5185138403272436,0.5184824785401985
0.23125,4.262666981852151e-06,0.5343024069587006,0.5342699534051383
0.23375,5.569689783834812e-06,0.550419052107305,0.5503855199494769
0.23625000000000002,7.2593059060965365e-06,0.5668645732105771,0.5668299777762104
0.23875000000000002,9.437863201779108e-06,0.5836395144476354,0.5836038732662221
0.24125,1.223958654554672e-05,0.6007441584970161,0.6007074913321762
0.24375,1.5833404472623345e-05,0.6181785184218181,0.618140847299542
0.24625,2.0431316621913442e-05,0.6359423296994271,0.6359036789320112
0.24875,2.6298615843860298e-05,0.6540350424133121,0.653995438618803
0.25125000000000003,3.3766334433655636e-05,0.6724558136245825,0.6724152857415566
0.25375000000000003,4.324634745079497e-05,0.6912034999411678,0.6911620792386766
0.25625,5.524963816755061e-05,0.7102766503026061,0.7102343703851363
0.25875,7.040831198655965e-05,0.7296734989985405,0.7296303958058274
0.26125,8.950203623724352e-05,0.7493919589390413,0.7493480707406152
0.26375,0.00011348968453943215,0.7694296151949445,0.7693849825792627
0.26625,0.00014354707618167292,0.7897837188263034,0.7897383846843707
0.26875,0.0001811118232525554,0.8104511810170566,0.810405190520413
0.27125,0.0002279364308544017,0.8314285675338342,0.8313819681068362
0.27375,0.00028615093803648474,0.8527120935267383,0.8526649348130402
0.27625,0.00035833653809672463,0.8742976186896747,0.874249952512862
0.27875,0.00044761177509279864,0.8961806427976258,0.896132523115937
0.28125,0.0005577330766520785,0.9183563016379117,0.9183077844930315
0.28375,0.0006932115486631052,0.940819363352207,0.9407705068120957
0.28625,0.0008594481215770483,0.9635642252056431,0.963515089301417
0.28875,0.0010628892963887699,0.9865849107989548,0.9865355574558183
0.29125,0.0013112058854983667,1.009875067739099,1.0098255607013717
0.29375,0.0016134972731577943,1.0334279657833019,1.0333783705335817
0.29625,0.0019805238245979065,1.057236495470892,1.0571868791434227
0.29875,0.0024249701436313688,1.0812931672566648,1.0812435985449977
0.30125,0.002961741905867046,1.1055901111588948,1.1055406602179318
0.30375,0.0036082989679260776,1.1301190769343514,1.1300698152769089
0.30625,0.004385027360527943,1.1548714347919957,1.154822435180005
0.30875,0.005315652602478967,1.1798381766561674,1.1797895129866895
0.31125,0.006427696510273582,1.2050099179893157,1.2049616651755222
0.31375000000000003,0.007752979310633783,1.2303769001833726,1.2303291340307014
0.31625000000000003,0.009328168377238528,1.2559289935280256,1.2558817906057056
0.31875000000000003,0.011195374294819713,1.2816557007631286,1.2816091382713122
0.32125,0.0134027941912398,1.307546161221556,1.307500316854286
0.32375,0.016005401359956723,1.3335891555677215,1.3335441073720107
0.32625,0.019065679112261022,1.3597731111359876,1.3597289373672659
0.32875,0.022654395544281416,1.386086107872031,1.386042886846269
0.33125,0.026851414474856204,1.4125158848791868,1.4124736948219834
0.33375,0.03174653620790244,1.4390498475705624,1.4390087664635354
0.33625,0.037440360002796116,1.4656750754266332,1.4656351808514265
0.33875,0.04404515821003259,1.4923783303567482,1.4923396993370213
0.34125,0.05168574996508575,1.5191460656618456,1.5191087745035834
0.34375,0.06050036015591793,1.5459644355943736,1.5459285597249046
0.34625,0.07064144712173714,1.5728193055102333,1.572784919316324
0.34875,0.08227648024295836,1.5996962626062556,1.5996634392716758
0.35125,0.09558864629390972,1.6265806272355052,1.6265494385784556
0.35375,0.11077746120766793,1.6534574647913935,1.6534279811022061
0.35625,0.12805926181168092,1.6803115981503551,1.6802838880298754
0.35875,0.14766755020587705,1.7071276206615478,1.707101750860609
0.36125,0.16985316185064933,1.7338899096707776,1.7338659449311944
0.36375,0.1948842271944451,1.7605826405646101,1.760560643462104
0.36625,0.22304589588705537,1.7871898013193528,1.7871698321088423
0.36875,0.2546397923841776,1.813695207538408,1.8136773240020747
0.37125,0.2899831721391749,1.840082517960228,1.8400667752587943
0.37375,0.32940774868377953,1.8663352504179787,1.8663217009455972
0.37625000000000003,0.3732581637981134,1.892436798230772,1.8924254914739655
0.37875000000000003,0.42189007572988496,1.918370447005274,1.9183614294063105
0.38125000000000003,0.47566784409697893,1.9441193918253046,1.9441127066504331
0.38375000000000004,0.5349617947348926,1.9696667548060394,1.9696624420189632
0.38625,0.6001450533475591,1.994995602988328,1.9949936991293193
0.38875,0.6715899433815646,2.0200889665477075,2.020089504618719
0.39125,0.7496639510367592,2.0449298572916628,2.044932866647823
0.39375,0.8347252686904212,2.0695012874178635,2.0695067936656844
0.39625,0.9271179371551377,2.0937862885051617,2.0937943134078147
0.39875,1.027166616989925,2.1177679307084163,2.117778492098381
0.40125,1.1351710293837676,2.141429342127373,2.141442453826778
0.40375,1.2514001177452727,2.16475372831922,2.1647694000681494
0.40625,1.3760859918447652,2.187724391923731,2.1877426293167783
0.40875,1.509417726924841,2.2103247523693956,2.210345556800699
0.41125,1.6515351003565153,2.232538365628388,2.2325617342453885
0.41375,1.8025223578903842,2.2543489439878157,2.254374869653929
0.41625,1.962402110042024,2.275740375804285,2.275768847070685
0.41875,2.1311294663639573,2.2966967452085565,2.2967277462952174
0.42125,2.308586521000408,2.3172023517267917,2.317235862512932
0.42375,2.4945773067196204,2.337241729784759,2.337277725808799
0.42625,2.6888233363161143,2.356799668061279,2.3568381205303934
0.42875,2.890959849649078,2.375861228657165,2.3759021044664883
0.43125,3.1005328814523985,2.3944117660459914,2.3944550278075156
0.43375,3.3169972592833172,2.4124369457731456,2.4124825518543203
0.43625,3.5397156324979724,2.4299227628698716,2.4299706674418706
0.43875000000000003,3.767958621941203,2.446855559949246,2.4469057130448766
0.44125000000000003,4.000906166176801,2.4632220449514555,2.46327439253262
0.44375000000000003,4.237650123692965,2.4790093085061478,2.4790637925407615
0.44625000000000004,4.477198171805313,2.4942048408801583,2.4942613994284013
0.44875,4.718479022224441,2.5087965484795087,2.508855115789255
0.45125,4.960348950809908,2.5227727698752473,2.5228332764864856
0.45375,5.201599615311073,2.536122291323411,2.536184664181462
0.45625,5.440967110373163,2.548834361750232,2.548898524327522
0.45875,5.677142184281722,2.5608987071745646,2.560964579600706
0.46125,5.908781517388611,2.5723055445404666,2.5723730437403547
0.46375,6.134519938481927,2.583045594933866,2.5831146347735006
0.46625,6.352983433116689,2.593110096158334,2.593180587598029
0.46875,6.562802777683543,2.602490814646105,2.6025626659007437
0.47125,6.762627615309123,2.6111800566816825,2.6112531733876443
0.47375,6.951140775056212,2.619170678916616,2.6192449643049907
0.47625,7.127072624773257,2.6264560981553355,2.626531453231012
0.47875,7.289215240702324,2.63303030039328,2.633106624119483
0.48125,7.436436173882036,2.6388878490899383,2.6389650385777825
0.48375,7.5676915946665755,2.6440238926608943,2.6441018433634813
0.48625,7.6820386024115646,2.648434171174397,2.6485127770850005
0.48875,7.778646497528282,2.6521150222395367,2.6521941760933823
0.49125,7.856806827544202,2.655063386074621,2.6551429795537755
0.49375,7.915942037285415,2.6572768097459436,2.6573567336868003
0.49625,7.955612575462608,2.658753450568709,2.658833595171571
0.49875,7.975522335348986,2.6594920786635328,2.659572333703763
0.50125,7.975522335348986,2.6594920786635328,2.6595723337037636
0.50375,7.955612575462609,2.658753450568709,2.6588335951715716
0.50625,7.915942037285413,2.657276809745943,2.657356733686801
0.50875,7.856806827544201,2.655063386074621,2.655142979553776
0.51125,7.778646497528283,2.652115022239536,2.652194176093383
0.51375,7.682038602411569,2.6484341711743964,2.6485127770850005
0.51625,7.567691594666575,2.644023892660894,2.6441018433634813
0.51875,7.436436173882036,2.638887849089938,2.6389650385777825
0.52125,7.289215240702323,2.63303030039328,2.633106624119483
0.52375,7.127072624773256,2.626456098155336,2.626531453231012
0.52625,6.951140775056211,2.6191706789166154,2.6192449643049907
0.52875,6.762627615309113,2.6111800566816825,2.6112531733876443
0.53125,6.562802777683543,2.602490814646105,2.6025626659007437
0.5337500000000001,6.35298343311669,2.5931100961583344,2.593180587598029
0.53625,6.134519938481927,2.583045594933866,2.5831146347735006
0.5387500000000001,5.908781517388601,2.5723055445404657,2.5723730437403542
0.54125,5.677142184281722,2.5608987071745646,2.5609645796007054
0.5437500000000001,5.440967110373162,2.5488343617502314,2.5488985243275213
0.54625,5.201599615311072,2.536122291323411,2.536184664181461
0.54875,4.960348950809896,2.522772769875247,2.5228332764864847
0.55125,4.718479022224442,2.5087965484795087,2.5088551157892542
0.55375,4.4771981718053135,2.4942048408801583,2.4942613994284013
0.55625,4.237650123692965,2.4790093085061478,2.4790637925407615
0.55875,4.000906166176791,2.4632220449514546,2.46327439253262
0.56125,3.7679586219412027,2.4468555599492454,2.4469057130448766
0.56375,3.5397156324979733,2.4299227628698716,2.4299706674418706
0.56625,3.3169972592833177,2.4124369457731456,2.4124825518543203
0.56875,3.1005328814523887,2.394411766045991,2.394455027807516
0.57125,2.890959849649077,2.375861228657165,2.3759021044664888
0.57375,2.6888233363161147,2.3567996680612793,2.3568381205303934
0.57625,2.49457730671962,2.337241729784758,2.3372777258087996
0.57875,2.308586521000408,2.317202351726792,2.317235862512932
0.58125,2.1311294663639573,2.2966967452085565,2.2967277462952174
0.58375,1.9624021100420237,2.275740375804285,2.2757688470706854
0.58625,1.8025223578903842,2.254348943987816,2.2543748696539296
0.58875,1.6515351003565155,2.232538365628388,2.2325617342453894
0.59125,1.509417726924835,2.2103247523693947,2.2103455568007
0.59375,1.376085991844765,2.187724391923731,2.187742629316779
0.5962500000000001,1.2514001177452727,2.1647537283192206,2.1647694000681503
0.59875,1.1351710293837676,2.141429342127373,2.1414424538267784
0.6012500000000001,1.0271666169899205,2.117767930708415,2.117778492098382
0.60375,0.9271179371551378,2.0937862885051612,2.0937943134078156
0.6062500000000001,0.8347252686904213,2.069501287417863,2.0695067936656852
0.60875,0.7496639510367592,2.0449298572916628,2.044932866647824
0.61125,0.6715899433815612,2.0200889665477066,2.02008950461872
0.61375,0.6001450533475589,1.994995602988328,1.9949936991293205
0.61625,0.5349617947348924,1.9696667548060391,1.9696624420189646
0.61875,0.47566784409697904,1.9441193918253048,1.9441127066504351
0.62125,0.42189007572988274,1.918370447005273,1.9183614294063123
0.62375,0.3732581637981134,1.892436798230772,1.892425491473967
0.62625,0.32940774868377964,1.8663352504179784,1.866321700945599
0.62875,0.28998317213917485,1.840082517960228,1.8400667752587958
0.63125,0.2546397923841761,1.813695207538407,1.8136773240020763
0.63375,0.22304589588705537,1.7871898013193528,1.787169832108844
0.63625,0.19488422719444506,1.7605826405646101,1.7605606434621057
0.63875,0.1698531618506494,1.7338899096707776,1.7338659449311962
0.64125,0.14766755020587702,1.7071276206615478,1.7071017508606103
0.64375,0.12805926181168092,1.6803115981503547,1.6802838880298765
0.64625,0.1107774612076679,1.6534574647913938,1.6534279811022072
0.64875,0.09558864629391003,1.6265806272355061,1.6265494385784567
0.65125,0.08227648024295833,1.5996962626062556,1.5996634392716766
0.65375,0.07064144712173667,1.5728193055102322,1.5727849193163248
0.65625,0.06050036015591792,1.5459644355943736,1.5459285597249055
0.6587500000000001,0.051685749965085744,1.519146065661846,1.5191087745035843
0.66125,0.04404515821003259,1.492378330356748,1.4923396993370224
0.6637500000000001,0.03744036000279583,1.4656750754266317,1.4656351808514279
0.66625,0.03174653620790242,1.4390498475705624,1.4390087664635367
0.6687500000000001,0.026851414474856204,1.4125158848791868,1.4124736948219847
0.67125,0.02265439554428142,1.386086107872031,1.3860428868462704
0.67375,0.01906567911226088,1.3597731111359863,1.359728937367267
0.67625,0.01600540135995672,1.3335891555677217,1.333544107372012
0.67875,0.0134027941912398,1.307546161221556,1.3075003168542874
0.68125,0.011195374294819715,1.2816557007631286,1.2816091382713133
0.68375,0.009328168377238459,1.2559289935280242,1.2558817906057067
0.68625,0.007752979310633783,1.2303769001833724,1.2303291340307025
0.68875,0.0064276965102735804,1.205009917989316,1.204961665175523
0.69125,0.005315652602478966,1.1798381766561676,1.1797895129866902
0.69375,0.0043850273605279076,1.1548714347919946,1.1548224351800056
0.69625,0.003608298967926078,1.1301190769343517,1.1300698152769095
0.69875,0.002961741905867046,1.1055901111588948,1.1055406602179327
0.70125,0.002424970143631369,1.0812931672566648,1.0812435985449984
0.70375,0.0019805238245979044,1.0572364954708922,1.0571868791434236
0.70625,0.0016134972731577932,1.0334279657833019,1.0333783705335824
0.70875,0.001311205885498366,1.009875067739099,1.0098255607013722
0.71125,0.0010628892963887747,0.9865849107989554,0.9865355574558188
0.71375,0.000859448121577048,0.963564225205643,0.9635150893014175
0.71625,0.0006932115486630987,0.940819363352206,0.940770506812096
0.71875,0.0005577330766520778,0.9183563016379115,0.9183077844930319
0.7212500000000001,0.00044761177509279886,0.8961806427976259,0.8961325231159374
0.72375,0.0003583365380967244,0.8742976186896748,0.8742499525128622
0.7262500000000001,0.0002861509380364819,0.8527120935267374,0.8526649348130404
0.72875,0.00022793643085440167,0.8314285675338342,0.8313819681068364
0.7312500000000001,0.0001811118232525554,0.8104511810170566,0.8104051905204133
0.73375,0.0001435470761816729,0.7897837188263034,0.789738384684371
0.73625,0.00011348968453943112,0.7694296151949436,0.7693849825792629
0.73875,8.950203623724347e-05,0.7493919589390412,0.7493480707406153
0.74125,7.04083119865597e-05,0.7296734989985405,0.7296303958058274
0.74375,5.524963816755062e-05,0.7102766503026062,0.7102343703851364
0.74625,4.3246347450794514e-05,0.6912034999411669,0.6911620792386768
0.74875,3.376633443365563e-05,0.6724558136245824,0.6724152857415566
0.75125,2.6298615843860375e-05,0.6540350424133122,0.6539954386188029
0.75375,2.0431316621913385e-05,0.6359423296994268,0.635903678932011
0.75625,1.5833404472623206e-05,0.6181785184218176,0.6181408472995418
0.75875,1.2239586545546681e-05,0.6007441584970159,0.6007074913321762
0.76125,9.437863201779115e-06,0.5836395144476354,0.5836038732662221
0.76375,7.2593059060964924e-06,0.5668645732105768,0.5668299777762102
0.76625,5.56968978383475e-06,0.5504190521073044,0.5503855199494769
0.76875,4.262666981852124e-06,0.5343024069587002,0.5342699534051382
0.77125,3.25421537238698e-06,0.5185138403272436,0.5184824785401985
0.77375,2.4781390354293935e-06,0.5030523098695348,0.5030220508857961
0.77625,1.8824330287859925e-06,0.4879165367824635,0.4878873895568968
0.77875,1.4263558542447347e-06,0.4731050143266653,0.4730769857790621
0.78125,1.078079363058961e-06,0.4586160164112474,0.45858911147628123
0.7837500000000001,8.128081798399997e-07,0.4444476062241503,0.44442182790422674
0.78625,6.112795788647708e-07,0.43059764489291613,0.4305729943136992
0.7887500000000001,4.5857059023017843e-07,0.41706380016104755,0.4170402766294492
0.79125,3.431523666072536e-07,0.4038435550655885,0.4038211561300077
0.7937500000000001,2.561428794834406e-07,0.39093421660202093,0.3909129381146188
0.79625,1.907181676030237e-07,0.3783329243630519,0.3783127605438467
0.7987500000000001,1.416499196216693e-07,0.3660366591383543,0.3660176026409247
0.80125,1.0494338980957424e-07,0.35404225146282703,0.3540242934414175
0.80375,7.755473768755256e-08,0.3423463901014713,0.34232952027929137
0.80625,5.717103665092625e-08,0.3309456304594994,0.3309298371980134
0.80875,4.2039572385295714e-08,0.31983640290683274,0.31982167327583844
0.81125,3.083578447297345e-08,0.3090150210066836,0.30900134085498876
0.81375,2.2561408138265278e-08,0.29847768963847465,0.29846504366497895
0.81625,1.6466143330005948e-08,0.28822051300589835,0.28820888483089446
0.81875,1.1987595213647087e-08,0.27823950252147345,0.2782288747579865
0.82125,8.705360023068578e-09,0.2685305845595113,0.26852093888450446
0.82375,6.3060279683343095e-09,0.2590896080699636,0.25908092529524196
0.82625,4.556585641019169e-09,0.2499123520461818,0.24990461218882962
0.82875,3.284261056819202e-09,0.24099453284015895,0.240987715192356
0.83125,2.3612952466769498e-09,0.23233181131937944,0.23232589451744917
0.83375,1.6934695957350475e-09,0.2239197998599419,0.22391476195248966
0.83625,1.2114876839789635e-09,0.2157540691711591,0.2157498876861636
0.83875,8.645200935492979e-10,0.2078301549473562,0.2078268069580895
0.84125,6.153832467635925e-10,0.20014356434311853,0.20014102653277266
0.84375,4.3694898463897356e-10,0.19268978226874017,0.19268803099364892
0.8462500000000001,3.094783614644873e-10,0.1854642775031265,0.18546328885447816
0.84875,2.1864740723645224e-10,0.17846250862189272,0.17846225848583405
0.8512500000000001,1.54089435203537e-10,0.17167992973887017,0.17168039385491185
0.85375,1.0832180381753376e-10,0.1651119960596948,0.1651131500773363
0.8562500000000001,7.595797744614093e-11,0.15875416924660127,0.15875598878010067
0.85875,5.313068184242548e-11,0.1526019225939822,0.1526043832752001
0.8612500000000001,3.707079289781449e-11,0.1466507460146844,0.14665382354394219
0.86375,2.5800780820579406e-11,0.14089615083742113,0.14089982103232018
0.86625,1.791217452811344e-11,0.13533367441606756,0.1353379132582221
0.86875,1.2404471435710059e-11,0.12995888455197785,0.1299636682316203
0.87125,8.568853207603912e-12,0.1247673837308154,0.12477268868924085
0.87375,5.90447966323258e-12,0.11975481317572745,0.11976061614554984
0.87625,4.0584018528093106e-12,0.11491685671901568,0.11492313476221563
0.87875,2.782549842815092e-12,0.11024924449476167,0.11025597503850917
0.88125,1.9030287334086697e-12,0.10574775645514857,0.10575491732539112
0.88375,1.2982616463009447e-12,0.10140822571349098,0.10141579516630445
0.88625,8.834736419981585e-13,0.09722654171723874,0.09723449846794216
0.88875,5.997074655279597e-13,0.09319865325445487,0.09320697650449457
0.89125,4.060689679277202e-13,0.08932057129748257,0.08932924075909719
0.89375,2.7426768219204606e-13,0.08558837168771771,0.08559736760640058
0.89625,1.8478382779645903e-13,0.08199819766558618,0.08200750084036496
0.89875,1.2418460789638032e-13,0.07854626224999195,0.07855585405154891
0.90125,8.325035031994514e-14,0.0752288504716477,0.07523871285830928
0.90375,5.5669696954997923e-14,0.07204232146483529,0.07205243699646148
0.90625,3.713352115486368e-14,0.06898311042225627,0.06899346227206551
0.9087500000000001,2.4707448370122595e-14,0.06604773041773467,0.06605830238210153
0.91125,1.6398500912373353e-14,0.06323277410161728,0.06324355060788309
0.9137500000000001,1.0856626279008756e-14,0.06053491527378457,0.060545881386123816
0.91625,7.169685673728635e-15,0.05795091033923824,0.057962051762626574
0.9187500000000001,4.723020516680466e-15,0.05547759965127051,0.055488902733601575
0.92125,3.1035163387885466e-15,0.05311190874724459,0.05312336047964426
0.9237500000000001,2.03424252148251e-15,0.05085084948202374,0.050862437497412635
0.92625,1.3300436925413712e-15,0.04869152106408302,0.04870323363403975
0.92875,8.674482512012775e-16,0.046631110999321324,0.046642937029299725
0.93125,5.643333699351584e-16,0.04466689594756069,0.044678824970515105
0.93375,3.6622026721998683e-16,0.04279624249667708,0.04280826466515077
0.93625,2.3706285296892326e-16,0.0410166078592517,0.04102871393598459
0.93875,1.530731875850955e-16,0.039325540496566926,0.03933772184367904
0.94125,9.859371547122902e-17,0.03772068067469317,0.037732929241499936
0.94375,6.334521698554196e-17,0.03619976095732436,0.03621206926684088
0.94625,4.059690365051918e-17,0.034760606639921504,0.03477296777411301
0.94875,2.5952935160251383e-17,0.03340113612961629,0.03341354371345166
0.95125,1.6549868249543497e-17,0.03211936127520895,0.03213180945957387
0.95375,1.0527302176956474e-17,0.030913387651467533,0.030925871094994006
0.95625,6.679656500237e-18,0.029781414801801093,0.029793928651669757
0.95875,4.2277146753412174e-18,0.02872173644323642,0.02873427631500763
0.96125,2.6691423083502382e-18,0.02773274063747738,0.02774530259400626
0.96375,1.6809405906865317e-18,0.026812909931667028,0.026825490461157904
0.96625,1.0559606282868962e-18,0.025960821472309336,0.025973417465563694
0.96875,6.616955633914923e-19,0.025175147095634842,0.025187755822547148
0.9712500000000001,4.136042273576694e-19,0.02445465339751853,0.024467272482873233
0.97375,2.5788791458704876e-19,0.023798201785875356,0.02381082918449782
0.9762500000000001,1.6040005391186753e-19,0.02320474851827063,0.0232173824895843
0.97875,9.952401148750027e-20,0.022673344727290226,0.02268598380933193
0.9812500000000001,6.161149941247645e-20,0.022203136436018667,0.02221577941896321
0.98375,3.806895802813983e-20,0.021793364565772248,0.021806010465016873
0.9862500000000001,2.3501837125787573e-20,0.02144336493802964,0.021456012966888635
0.98875,1.4536382782859248e-20,0.021152568272294663,0.02116521781435391
0.9912500000000001,9.074515910870456e-21,0.02092050018141542,0.020933150762596286
0.99375,5.825411240466559e-21,0.02074678116567095,0.020759432426052372
0.99625,4.01434124342952e-21,0.020631126606720892,0.020643778272168553
0.99875,3.2063158458375554e-21,0.020573346762297065,0.020585998615947974
