x,initial,exact,central,upwind
0.00125,4.016116328386943e-08,0.0,-5.335062479195379e-12,1.4699503350199896e-78
0.00375,5.911551248516389e-08,0.0,2.9256524594580786e-11,2.4715542644707003e-76
0.00625,8.667639939119455e-08,0.0,-6.914988436771401e-12,2.0769558678720804e-74
0.00875,1.2659144843496503e-07,0.0,-6.399593786510594e-11,1.163093371887862e-72
0.01125,1.8416703717605285e-07,0.0,1.5579508208204866e-11,4.882996992869378e-71
0.01375,2.668846033060392e-07,0.0,9.951782655688783e-11,1.6393568066951347e-69
0.01625,3.8524696766017964e-07,0.0,-1.7890422661240492e-11,4.5846515282959124e-68
0.01875,5.539353198358302e-07,0.0,-1.358270972150687e-10,1.0985538573629538e-66
0.02125,7.933830703521498e-07,0.0,1.0928124414062088e-11,2.3023711284505174e-65
0.02375,1.1319074344484637e-06,0.0,1.7214920938927877e-10,4.287554405665641e-64
0.02625,1.6085811349597643e-06,0.0,7.9293334911311e-12,7.183255355606292e-63
0.02875,2.277084365509553e-06,0.0,-2.0600874692388501e-10,1.0936468958359219e-61
0.03125,3.210845078704946e-06,0.0,-4.119238239129327e-11,1.5257495676680473e-60
0.03375,4.509866347035536e-06,0.0,2.3354950617049366e-10,1.9641208603040567e-59
0.03625,6.309748923349912e-06,0.0,9.014603083761351e-11,2.3469913406423695e-58
0.03875,8.793556727226806e-06,0.0,-2.4902254685049583e-10,2.616595933860297e-57
0.04125,1.2207343003112204e-05,0.0,-1.5437589204953085e-10,2.733885807228493e-56
0.043750000000000004,1.688036419533748e-05,0.0,2.4526046054156835e-10,2.6874758086766572e-55
0.04625,2.3251263825407855e-05,0.0,2.3034685308250113e-10,2.4942316964730284e-54
0.04875,3.190181565582148e-05,0.0,-2.1430080992490065e-10,2.192309052508003e-53
0.051250000000000004,4.3600184373993126e-05,0.0,-3.1057049708356785e-10,1.8299805539979042e-52
0.05375,5.935609710405737e-05,0.0,1.4921223632957646e-10,1.4543210022275646e-51
0.05625,8.049083533023797e-05,0.0,3.8258804195300034e-10,1.1028880253122576e-50
0.058750000000000004,0.00010872555147312133,0.0,-4.6298581105584066e-11,7.997615215997682e-50
0.06125,0.00014629210554062397,0.0,-4.2949575478655015e-10,5.556120775839885e-49
0.06375,0.0001960713996496109,0.0,-9.150956078914092e-11,3.70443530920089e-48
0.06625,0.0002617650704861416,0.0,4.312881249166404e-10,2.374156935403827e-47
0.06875,0.00034810737719048713,0.0,2.517503121638568e-10,1.4648034136475211e-46
0.07125000000000001,0.0004611251895214629,0.0,-3.6917771813374787e-10,8.712253146555675e-46
0.07375,0.0006084551251062104,0.0,-4.100400106028271e-10,5.001724381297595e-45
0.07625,0.0007997280846216973,0.0,2.3164934875483827e-10,2.7750225397350297e-44
0.07875,0.0010470326608391636,0.0,5.308222618739725e-10,1.489554086968313e-43
0.08125,0.0013654701100929132,0.0,-2.2484853427556575e-11,7.743618444376884e-43
0.08375,0.0017738147183976578,0.0,-5.723278434003423e-10,3.902623368193812e-42
0.08625000000000001,0.002295294404208723,0.0,-2.3213511408628907e-10,1.908517728987324e-41
0.08875,0.002958507190564688,0.0,4.977242900937165e-10,9.064448295859454e-41
0.09125,0.0037984896553933077,0.0,4.803500561641438e-10,4.184560085526919e-40
0.09375,0.004857953511794295,0.0,-2.9069348588908864e-10,1.8791426620664617e-39
0.09625,0.006188705958254376,0.0,-6.502987236735801e-10,8.214698834804952e-39
0.09875,0.007853268221635894,0.0,-2.766445449228829e-11,3.4982392071651884e-38
0.10125,0.009926704648677278,0.0,6.676641370085632e-10,1.4521857421318932e-37
0.10375000000000001,0.012498671623495442,0.0,3.882666828863362e-10,5.8800964751090805e-37
0.10625,0.01567569134244272,0.0,-4.84929525665554e-10,2.3237967927210165e-36
0.10875,0.01958364991927473,0.0,-6.795013388159402e-10,8.968358630352556e-36
0.11125,0.024370512286564484,0.0,1.1454962308576007e-10,3.3819514844657584e-35
0.11375,0.030209237809253303,0.0,7.767498025813414e-10,1.246778648201729e-34
0.11625,0.03730087036539761,0.0,3.4879124113193e-10,4.4956979804878465e-34
0.11875000000000001,0.04587776488087524,0.0,-5.944342081788979e-10,1.586352744865248e-33
0.12125,0.056206898981470084,0.0,-7.368803781097937e-10,5.480217477149096e-33
0.12375,0.06859320370560246,0.0,1.4555762139056654e-10,1.8543159444459024e-32
0.12625,0.08338283133175743,0.0,8.612376225082696e-10,6.14812355657012e-32
0.12875,0.10096626167690462,0.0,4.2364288288928233e-10,1.9982614254766243e-31
0.13125,0.12178113116696465,0.0,-6.057227757481684e-10,6.369189976346091e-31
0.13375,0.14631465215939596,0.0,-8.595222539511452e-10,1.9916056779487164e-30
0.13625,0.1751054741002676,0.0,2.1097034023975475e-11,6.11179753458539e-30
0.13875,0.208744823943152,0.0,9.057045555736133e-10,1.8413428774992246e-29
0.14125000000000001,0.24787675174215962,0.0,6.411852798788437e-10,5.448148076809749e-29
0.14375000000000002,0.2931972994410422,0.0,-4.59914099464517e-10,1.5836352405515535e-28
0.14625,0.345452407631441,0.0,-1.0117628699435077e-09,4.523683949887399e-28
0.14875,0.4054343774740007,0.0,-3.041662108070301e-10,1.2702658174200962e-27
0.15125,0.4739767140418123,0.0,8.073861976793118e-10,3.507457947248807e-27
0.15375,0.5519471939430693,0.0,9.5728027545019e-10,9.526034253489558e-27
0.15625,0.6402390249278683,0.0,-5.918451510439289e-11,2.5455180103341028e-26
0.15875,0.739759998794675,0.0,-1.0367700104139995e-09,6.694275878129116e-26
0.16125,0.8514195815027873,0.0,-8.045322438936621e-10,1.7330460859602059e-25
0.16375,0.9761139358588569,0.0,3.8728570603414535e-10,4.417821809194771e-25
0.16625,1.1147089319714523,0.0,1.1629024266334403e-09,1.1091935929441847e-24
0.16875,1.2680212679206926,0.0,6.164773466968615e-10,2.7435585545855424e-24
0.17125,1.4367978963849102,0.0,-6.518885418347251e-10,6.68702259845624e-24
0.17375000000000002,1.6216940304479608,0.0,-1.221166897832647e-09,1.6064396783637866e-23
0.17625,1.8232500811893724,0.0,-4.422401091542977e-10,3.8045921689634647e-23
0.17875,2.041867958232933,0.0,8.482906447303731e-10,8.885063731316291e-23
0.18125,2.277787239169602,0.0,1.250387309359848e-09,2.0465212997707298e-22
0.18375,2.5310617813913727,0.0,3.154285878833251e-10,4.650158624032573e-22
0.18625,2.8015374069792127,0.0,-9.825416435380863e-10,1.0425709269609344e-21
0.18875,3.0888313344761915,0.0,-1.283260402175783e-09,2.306845716432004e-21
0.19125,3.392314057426146,0.0,-2.583754298759534e-10,5.038411478865189e-21
0.19375,3.711094375564913,0.0,1.060516909642553e-09,1.0864664105569205e-20
0.19625,4.044008268122786,0.0,1.3411256076341334e-09,2.3135053451448477e-20
0.19875,4.38961225808507,0.0,2.8746448990944466e-10,4.8656266675086075e-20
0.20125,4.746181850543536,0.0,-1.079141490526102e-09,1.0108864286784937e-19
0.20375000000000001,5.111715537437895,0.0,-1.4310449937647802e-09,2.0751107390339046e-19
0.20625000000000002,5.483944746064835,0.0,-4.1591299454289055e-10,4.2095378545590835e-19
0.20875,5.860349971794447,0.0,1.0212972272958368e-09,8.440334527005529e-19
0.21125,6.238183179634133,0.0,1.5410832219629218e-09,1.6729922428707734e-18
0.21375,6.614496388787299,0.0,6.517803513733603e-10,3.278787671890032e-18
0.21625,6.986176174239305,0.0,-8.545720908346406e-10,6.354670861845302e-18
0.21875,7.3499836355037145,0.0,-1.6337583993332063e-09,1.2181698570436603e-17
0.22125,7.702599201357289,0.0,-9.879660601952834e-10,2.3101047512625378e-17
0.22375,8.04067146737563,0.0,5.36441854734596e-10,4.33449027870098e-17
0.22625,8.360869107065875,0.0,1.6398542209632395e-09,8.048222799158265e-17
0.22875,8.659934763848668,0.0,1.3840590720957474e-09,1.4790751832247673e-16
0.23125,8.934739725956945,0.0,-3.23502634137646e-11,2.690798896305986e-16
0.23375,9.182338114558789,0.0,-1.4591262428289386e-09,4.846689424747613e-16
0.23625000000000002,9.400019281026687,0.0,-1.743649061955916e-09,8.644785201548259e-16
0.23875000000000002,9.585357114893332,0.0,-6.483857129799806e-10,1.5271452484616747e-15
0.24125,9.736255010810604,0.0,9.82852111070229e-10,2.672364461427211e-15
0.24375,9.850985330313735,0.0,1.8994805818428966e-09,4.633107833793665e-15
0.24625,9.928222320346261,0.0,1.4010630316119399e-09,7.959446018567538e-15
0.24875,9.96706761169889,0.0,-1.5390596609512856e-10,1.3551879905474858e-14
0.25125000000000003,9.967067611698868,0.0,-1.6364832013675902e-09,2.2871537163398822e-14
0.25375000000000003,9.928222320346283,0.0,-1.9800852414696835e-09,3.8268676396505973e-14
0.25625,9.850985330313735,0.0,-9.328421252438817e-10,6.34917589515089e-14
0.25875,9.736255010810604,0.0,7.894559551085141e-10,1.0446987558722166e-13
0.26125,9.585357114893336,0.0,2.0184687185583847e-09,1.705057466907519e-13
0.26375,9.400019281026664,0.0,1.928988628318002e-09,2.7608072441063935e-13
0.26625,9.18233811455881,0.0,5.707100382182161e-10,4.4356539161742257e-13
0.26875,8.934739725956923,0.0,-1.1910084648712337e-09,7.072608044237657e-13
0.27125,8.65993476384869,0.0,-2.2471942327043413e-09,1.119381778284189e-12
0.27375,8.360869107065875,0.0,-1.9404589380445702e-09,1.75885630448374e-12
0.27625,8.040671467375608,0.0,-4.4887575886019665e-10,2.74418349834878e-12
0.27875,7.702599201357289,0.0,1.3493105478440188e-09,4.252106312057108e-12
0.28125,7.34998363550367,0.0,2.411486895850949e-09,6.544568717148554e-12
0.28375,6.98617617423935,0.0,2.130479762092082e-09,1.0007413364718135e-11
0.28625,6.614496388787299,0.0,6.562982904462283e-10,1.5205633515970962e-11
0.28875,6.238183179634138,0.0,-1.2154602848552072e-09,2.296185484894045e-11
0.29125,5.860349971794404,0.0,-2.4929719090013593e-09,3.4467266113967604e-11
0.29375,5.483944746064835,0.0,-2.51201634306083e-09,5.1437679541988606e-11
0.29625,5.1117155374379175,0.0,-1.2588531155779494e-09,7.633209781278794e-11
0.29875,4.746181850543558,0.0,6.520031862620219e-10,1.1265751261151983e-10
0.30125,4.389612258085048,0.0,2.303555827861512e-09,1.653922133379336e-10
0.30375,4.044008268122786,0.0,2.921674954819287e-09,2.4157137181400634e-10
0.30625,3.7110943755649353,0.0,2.2225389632264763e-09,3.510940459254695e-10
0.30875,3.3923140574261237,0.0,5.144519647786971e-10,5.078312622182195e-10
0.31125,3.0888313344761693,0.0,-1.467158823932556e-09,7.311421231400938e-10
0.31375000000000003,2.801537406979235,0.0,-2.8929319432177572e-09,1.0479410521515929e-09
0.31625000000000003,2.5310617813913505,2.2204460492503112e-14,-3.1836008839129624e-09,1.495507070674398e-09
0.31875000000000003,2.277787239169624,0.0,-2.225249221071322e-09,2.12528891073612e-09
0.32125,2.041867958232933,2.2204460492503112e-14,-3.846878258731386e-10,3.008042313528453e-09
0.32375,1.8232500811893522,4.4408920985006224e-14,1.6576426153705577e-09,4.240743801146623e-09
0.32625,1.6216940304479608,6.661338147750933e-14,3.173140941055257e-09,5.955865851618047e-09
0.32875,1.4367978963849102,8.881784197001245e-14,3.641753532743695e-09,8.333781015643522e-09
0.33125,1.2680212679206704,1.776356839400249e-13,2.911813341123464e-09,1.161929875784067e-08
0.33375,1.1147089319714967,2.664535259100373e-13,1.2214932778321484e-09,1.6143643330530806e-08
0.33625,0.9761139358588347,4.2188474935755913e-13,-9.057265466269718e-10,2.2353572089881226e-08
0.33875,0.8514195815028095,7.327471962526027e-13,-2.8411007211455653e-09,3.084983409628877e-08
0.34125,0.7397599987946528,1.1546319456101618e-12,-4.0405103379031865e-09,4.243780677231364e-08
0.34375,0.6402390249278683,1.8873791418627645e-12,-4.186853180123065e-09,5.819395853336466e-08
0.34625,0.5519471939430693,3.019806626980423e-12,-3.2522307874888046e-09,7.955281022876758e-08
0.34875,0.4739767140418123,4.862776847858182e-12,-1.4765064534007827e-09,1.0842035988983745e-07
0.35125,0.4054343774740319,7.749356711883757e-12,7.187597496553155e-10,1.4732155677493536e-07
0.35375,0.345452407631441,1.234568003383173e-11,2.8470457386618807e-09,1.9959143826953476e-07
0.35625,0.29319729944101675,1.9584334154387745e-11,4.470053597643195e-09,2.696220684821024e-07
0.35875,0.24787675174215962,3.090860900556433e-11,5.282519570877834e-09,3.631805499328107e-07
0.36125,0.2087448239431742,4.862776847858181e-11,5.154116997344927e-09,4.878172498157441e-07
0.36375,0.1751054741002454,7.618350394977818e-11,4.128049007183274e-09,6.533881438940916e-07
0.36625,0.14631465215941816,1.1890488593735416e-10,2.3867777876928284e-09,8.727210150718107e-07
0.36875,0.12178113116694245,1.848521336000884e-10,1.9861114411851677e-10,1.162462361313998e-06
0.37125,0.10096626167688241,2.862821091298426e-10,-2.140532205737537e-09,1.5441505139014094e-06
0.37375,0.08338283133175743,4.4160231027490185e-10,-4.357036207010109e-09,2.0455709242915194e-06
0.37625000000000003,0.06859320370562466,6.7852390372991e-10,-6.234375091047368e-09,2.7024621689472763e-06
0.37875000000000003,0.056206898981470084,1.0385692306158481e-09,-7.630640409342653e-09,3.560656312703234e-06
0.38125000000000003,0.04587776488089719,1.5834000777203968e-09,-8.479658418178605e-09,4.678755274764384e-06
0.38375000000000004,0.0373008703653532,2.404654253496117e-09,-8.779083775510852e-09,6.131466216907802e-06
0.38625,0.030209237809275508,3.637645740184322e-09,-8.571086611997554e-09,8.01374422834326e-06
0.38875,0.024370512286564484,5.481393117179318e-09,-7.918883140959182e-09,1.0445920270129353e-05
0.39125,0.01958364991927473,8.227463155208163e-09,-6.882459246268946e-09,1.3580027061728598e-05
0.39375,0.01567569134244272,1.2301137886083768e-08,-5.4944825421300475e-09,1.7607575978844612e-05
0.39625,0.012498671623495373,1.8320100991786587e-08,-3.736269147631592e-09,2.27690847500319e-05
0.39875,0.009926704648677278,2.717783775807445e-08,-1.5108740190756444e-09,2.93657094716343e-05
0.40125,0.007853268221635894,4.0161163283869395e-08,1.390306737665595e-09,3.777339588881094e-05
0.40375,0.0061887059582765806,5.911551248516384e-08,5.333675322044874e-09,4.846003467623167e-05
0.40625,0.004857953511772091,8.667639939119446e-08,1.09108560066368e-08,6.200618420905581e-05
0.40875,0.0037984896553933077,1.2659144843496495e-07,1.9038387693397445e-08,7.913001257565589e-05
0.41125,0.0029585071905646717,1.8416703717605271e-07,3.110550610904655e-08,0.00010071720876008834
0.41375,0.0022952944041865187,2.668846033060388e-07,4.91919406741426e-08,0.00012785672125889197
0.41625,0.001773814718397697,3.8524696766018817e-07,7.63851099765505e-08,0.00016188330091610823
0.41875,0.0013654701101373221,5.539353198358294e-07,1.1723863250097291e-07,0.00020442795320208863
0.42125,0.0010470326608391636,7.933830703521486e-07,1.7843004175628457e-07,0.00025747754291376244
0.42375,0.0007997280845994929,1.1319074344484637e-06,2.6969661685777205e-07,0.0003234449402982027
0.42625,0.0006084551250840059,1.608581134959762e-06,4.051576019124172e-07,0.0004052512503524609
0.42875,0.0004611251895436648,2.2770843655095497e-06,6.051707740808826e-07,0.0005064218243948039
0.43125,0.00034810737719048713,3.210845078704946e-06,8.989220942871142e-07,0.0006311979121230116
0.43375,0.0002617650705083461,4.509866347035536e-06,1.3280144988472092e-06,0.0007846659696999712
0.43625,0.0001960713996496109,6.3097489233498945e-06,1.9514102814636154e-06,0.0009729067905187373
0.43875000000000003,0.00014629210554062397,8.793556727226806e-06,2.852194614776991e-06,0.001203166764867074
0.44125000000000003,0.00010872555145091657,1.2207343003112204e-05,4.146772317788011e-06,0.001484053696429576
0.44375000000000003,8.049083533023797e-05,1.6880364195337436e-05,5.997294314275504e-06,0.001825759700112594
0.44625000000000004,5.935609710405737e-05,2.3251263825407855e-05,8.628341212648342e-06,0.0022403137686996246
0.44875,4.3600184396197465e-05,3.190181565582148e-05,1.2349179278781497e-05,0.002741866615969443
0.45125,3.190181563361702e-05,4.3600184373993004e-05,1.758325973590251e-05,0.0033470103707940956
0.45375,2.3251263803203394e-05,5.935609710405737e-05,2.4907067675315032e-05,0.004075135599162008
0.45625,1.6880364217541896e-05,8.049083533023797e-05,3.5100951754541063e-05,0.004948827957095553
0.45875,1.2207343003112204e-05,0.00010872555147312103,4.92151966462068e-05,0.0059943065145755614
0.46125,8.793556727226806e-06,0.00014629210554062397,6.865534614524536e-05,0.007241905426102944
0.46375,6.309748945554355e-06,0.0001960713996496109,9.529165719030438e-05,0.008726600144736347
0.46625,4.509866347035536e-06,0.0002617650704861416,0.00013159857297180807,0.010488578771117233
0.46875,3.2108450565004857e-06,0.00034810737719048713,0.00018083125159657973,0.012573858385823602
0.47125,2.2770843433050892e-06,0.0004611251895214603,0.00024724747397713003,0.015034945322524515
0.47375,1.608581179368683e-06,0.0006084551251062104,0.00033638467439806453,0.01793153729302452
0.47625,1.1319074122440032e-06,0.0007997280846216973,0.0004554033701933621,0.021331264068257853
0.47875,7.933830925566268e-07,0.0010470326608391868,0.0006135098857610355,0.025310462049848867
0.48125,5.539352976313689e-07,0.0013654701100929132,0.0008224729271738918,0.029954976537298356
0.48375,3.8524694545571915e-07,0.0017738147183976578,0.0010972502031467418,0.035360983813261936
0.48625,2.668846477149598e-07,0.002295294404208723,0.0014567428330055276,0.04163582334629296
0.48875,1.8416699276713173e-07,0.0029585071905646717,0.001924696623449975,0.04889882846546041
0.49125,1.2659144843496495e-07,0.0037984896553933077,0.0025307703157502097,0.05728214181970277
0.49375,8.667644380011544e-08,0.004857953511794295,0.0033117914554793826,0.06693149982900819
0.49625,5.911546807624285e-08,0.006188705958254376,0.004313220446657297,0.0780069682042581
0.49875,4.016120769279038e-08,0.007853268221635894,0.005590842436846635,0.09068360850504706
0.50125,2.7177815553613353e-08,0.009926704648677058,0.007212704728447154,0.10515205367455051
0.50375,1.8320100991786994e-08,0.01249867162349565,0.009261314215913858,0.12161896859907695
0.50625,1.2301137886083495e-08,0.01567569134244237,0.011836104689678202,0.14030737005513025
0.50875,8.227463155208345e-09,0.019583649919275165,0.015056177518641712,0.16145677900176267
0.51125,5.4813931171794395e-09,0.024370512286565026,0.019063311045733108,0.18532317712788238
0.51375,3.637667944644734e-09,0.030209237809252634,0.02402522385822429,0.21217873895254527
0.51625,2.4046542534961703e-09,0.03730087036539844,0.030139064843577947,0.24231131068109776
0.51875,1.5833556687993766e-09,0.045877764880873965,0.037635088598941394,0.2760236075195083
0.52125,1.0385914350763636e-09,0.05620689898147133,0.0467804584167955,0.31363210231713645
0.52375,6.78523903729895e-10,0.06859320370560093,0.057883100917946115,0.35546558031120856
0.52625,4.416023102749117e-10,0.08338283133175928,0.071295516778276,0.4018633374410348
0.52875,2.8625990466934374e-10,0.10096626167690237,0.08741843137398392,0.45317300323007265
0.53125,1.84874338060585e-10,0.12178113116696736,0.10670414818300047,0.509747973626805
0.5337500000000001,1.1888268147685902e-10,0.1463146521593927,0.12965944721433212,0.5719444444595749
0.53625,7.620570841027237e-11,0.1751054741002715,0.15684785153248984,0.6401180422828532
0.5387500000000001,4.862776847858073e-11,0.20874482394314736,0.1888910681749463,0.714620056335756
0.54125,3.090860900556502e-11,0.2478767517421651,0.22646939661222448,0.7957932830349415
0.5437500000000001,1.958433415438731e-11,0.29319729944103246,0.2703208896312126,0.8839675027930382
0.54625,1.2345680033832004e-11,0.34545240763144874,0.32123904941609227,0.9794546178724575
0.54875,7.727152251390912e-12,0.40543437747399164,0.3800688469111039,1.082543489307131
0.55125,4.884981308350793e-12,0.47397671404182284,0.4477008664211426,1.1934945204791063
0.55375,3.019806626980356e-12,0.551947193943057,0.5250634008195728,1.312534044526231
0.55625,1.8651746813703026e-12,0.6402390249278603,0.6131123564037564,1.4398485821628721
0.55875,1.1546319456101361e-12,0.7397599987946808,0.7128188707601432,1.5755790454816512
0.56125,7.549516567451225e-13,0.851419581502784,0.8251546019536279,1.7198149716216404
0.56375,3.996802888650471e-13,0.9761139358588574,0.951074712453819,1.8725888775814314
0.56625,2.6645352591004327e-13,1.114708931971477,1.091498645450912,2.033870833667615
0.56875,1.7763568394002096e-13,1.2680212679206866,1.247288873036339,2.2035633578507077
0.57125,8.881784197001442e-14,1.4367978963848977,1.4192278830263625,2.381496736416085
0.57375,8.881784197001048e-14,1.6216940304479912,1.6079937613439756,2.5674248775335795
0.57625,4.440892098500721e-14,1.8232500811893482,1.814134816730036,2.7610218035427434
0.57875,4.440892098500721e-14,2.0418679582329338,2.038043780615308,2.9618788847153343
0.58125,0.0,2.277787239169596,2.27993219345947,3.169502911910926
0.58375,0.0,2.531061781391362,2.539805655826493,3.3833150978349114
0.58625,0.0,2.801537406979217,2.817440674029098,3.602651086545547
0.58875,0.0,3.0888313344761933,3.1123638626643015,3.8267620385028374
0.59125,0.0,3.3923140574261375,3.423834276521135,4.054816843933628
0.59375,0.0,3.711094375564951,3.7508296295175496,4.2859055007931826
0.5962500000000001,0.0,4.044008268122741,4.092037116653191,4.519043675384337
0.59875,0.0,4.389612258085034,4.445849485532071,4.753178444059123
0.6012500000000001,0.0,4.7461818505435645,4.810366906973511,4.987195193735908
0.60375,0.0,5.111715537437876,5.183405070908351,5.219925637624642
0.6062500000000001,0.0,5.483944746064846,5.562509786659768,5.450156881008103
0.60875,0.0,5.860349971794446,5.944978199512193,5.6766414506492815
0.61125,0.0,6.238183179634127,6.327886552942945,5.898108180870717
0.61375,0.0,6.614496388787291,6.708124233738896,6.113273830070178
0.61625,0.0,6.986176174239327,7.082433641904863,6.320855283877311
0.61875,0.0,7.349983635503699,7.44745523575457,6.519582185772965
0.62125,0.0,7.702599201357296,7.799776922044825,6.708209823204984
0.62375,0.0,8.040671467375631,8.13598679856609,6.885532087409717
0.62625,0.0,8.36086910706589,8.452728118936118,7.050394318594915
0.62875,0.0,8.65993476384866,8.746755242431474,7.201705845093063
0.63125,0.0,8.934739725956923,9.014989260508923,7.338452025711265
0.63375,0.0,9.182338114558815,9.25457195992701,7.459705608855766
0.63625,0.0,9.400019281026678,9.462916792332138,7.564637230077286
0.63875,0.0,9.585357114893327,9.637755572483503,7.65252488135891
0.64125,0.0,9.73625501081062,9.777179720964654,7.722762200552427
0.64375,0.0,9.850985330313716,9.879674999623191,7.774865447578234
0.64625,0.0,9.92822232034626,9.944148854908,7.808479054975449
0.64875,0.0,9.96706761169889,9.969949680153798,7.82337966369
0.65125,0.0,9.967067611698868,9.956877525965389,7.81947858012761
0.65375,0.0,9.928222320346284,9.90518602057207,7.796822616937806
0.65625,0.0,9.850985330313732,9.815575501204709,7.7555933071641565
0.6587500000000001,0.0,9.73625501081061,9.689177594850284,7.69610450870767
0.66125,0.0,9.585357114893327,9.527531713966681,7.6187984429157485
0.6637500000000001,0.0,9.400019281026678,9.3325541422101,7.52424023695333
0.66625,0.0,9.182338114558837,9.10650057006146,7.413111063889539
0.6687500000000001,0.0,8.934739725956902,8.851923094652872,7.286199996639408
0.67125,0.0,8.65993476384866,8.571622817600925,7.144394711587929
0.67375,0.0,8.360869107065911,8.268599256217952,6.988671194512056
0.67625,0.0,8.040671467375608,7.9459978255878045,6.820082614999258
0.67875,0.0,7.702599201357296,7.60705665169384,6.639747545714768
0.68125,0.0,7.349983635503699,7.255053940580592,6.44883770945576
0.68375,0.0,6.986176174239327,6.893257058278781,6.248565439898824
0.68625,0.0,6.614496388787313,6.524874374954379,6.040171041332921
0.68875,0.0,6.238183179634083,6.15301079943544,5.8249102285929
0.69125,0.0,5.860349971794446,5.7806277825965,5.604041821065047
0.69375,0.0,5.48394474606489,5.4105084061356905,5.378815854292568
0.69625,0.0,5.111715537437854,5.045228003311617,5.150462259692589
0.69875,0.0,4.746181850543542,4.687130586352488,4.920180247584189
0.70125,0.0,4.389612258085056,4.338311187296235,4.689128511534432
0.70375,0.0,4.0440082681227425,4.000604060198575,4.458416353397917
0.70625,0.0,3.711094375564986,3.675576547460667,4.229095808809697
0.70875,0.0,3.3923140574261104,3.364528285138133,4.002154832748061
0.71125,0.0,3.0888313344761893,3.0684953142313045,3.7785115845585877
0.71375,0.0,2.8015374069792527,2.788258578901797,3.5590098319488472
0.71625,0.0,2.5310617813913385,2.5243562291507198,3.3444154743182084
0.71875,0.0,2.2777872391696303,2.277099104678692,3.135414167734427
0.7212500000000001,0.0,2.041867958232932,2.046588757575338,2.93261001721708
0.72375,0.0,1.8232500811893482,1.8327373726131977,2.7365252869957444
0.7262500000000001,0.0,1.621694030447969,1.6352889631453529,2.5476010662822235
0.72875,0.0,1.4367978963848977,1.4538412554048568,2.366198816979051
0.7312500000000001,0.0,1.2680212679206866,1.2878677215776106,2.1926027207333494
0.73375,0.0,1.114708931971477,1.1367392794313569,2.0270227358736777
0.73625,0.0,0.9761139358588574,0.9997452405860645,1.8695982700241331
0.73875,0.0,0.8514195815028284,0.8761131578646341,1.7204023715138228
0.74125,0.0,0.7397599987946364,0.7650272919293815,1.5794463419874447
0.74375,0.0,0.6402390249278825,0.6656454862287255,1.4466846737345695
0.74625,0.0,0.551947193943057,0.5771143051224943,1.322020218021378
0.74875,0.0,0.47397671404182284,0.49858235126275846,1.2053094949359577
0.75125,0.0,0.40543437747401384,0.4292117336006579,1.096368060736926
0.75375,0.0,0.34545240763144874,0.3681877058668815,0.994975855205257
0.75625,0.0,0.29319729944101025,0.31472653649213356,0.9008824588171843
0.75875,0.0,0.2478767517421651,0.268081704480847,0.8138121974604742
0.76125,0.0,0.20874482394316957,0.22754854180251477,0.7334690406932137
0.76375,0.0,0.1751054741002493,0.1924674617398232,0.6595412479914744
0.76625,0.0,0.14631465215941492,0.16222592484584336,0.5917057258635069
0.76875,0.0,0.12178113116694515,0.13625930037418793,0.5296320669560547
0.77125,0.0,0.10096626167688465,0.1140507820151531,0.4729862501964475
0.77375,0.0,0.08338283133175557,0.09513051331100819,0.42143398847833885
0.77625,0.0,0.06859320370562617,0.07907407106411692,0.3746437173083616
0.77875,0.0,0.056206898981468835,0.06550044520455361,0.33228922410777517
0.78125,0.0,0.0458777648808538,0.054069641717173794,0.2940519234520571
0.7837500000000001,0.0,0.03730087036539678,0.04448002204487718,0.2596227883983569
0.78625,0.0,0.03020923780927618,0.036465478509132516,0.22870395218156278
0.7887500000000001,0.0,0.024370512286563943,0.029792531256953473,0.20100999795804136
0.79125,0.0,0.019583649919275165,0.02425741850018187,0.17626895696116232
0.7937500000000001,0.0,0.01567569134244237,0.019683238712000575,0.15422303743713664
0.79625,0.0,0.01249867162349565,0.01591719125410119,0.1346291080970112
0.7987500000000001,0.0,0.009926704648677058,0.012827950812809125,0.1172589606029854
0.80125,0.0,0.007853268221636069,0.010303201139113503,0.10189937586286733
0.80375,0.0,0.006188705958276443,0.008247344969544929,0.08835201869784585
0.80625,0.0,0.004857953511772198,0.006579399654160027,0.07643318484021332
0.80875,0.0,0.0037984896553932236,0.00523108189509313,0.06597342327386713
0.81125,0.0,0.002958507190564737,0.004145080033133049,0.056817055714620465
0.81375,0.0,0.002295294404186468,0.0032735084168132368,0.0488216136001746
0.81625,0.0,0.001773814718397697,0.002576535440140357,0.041857211377908106
0.81875,0.0,0.001365470110137292,0.002021174725125843,0.03580587319470569
0.82125,0.0,0.0010470326608391868,0.0015802275354827359,0.030560828353989034
0.82375,0.0,0.0007997280845994752,0.0012313637224982655,0.02602578915248368
0.82625,0.0,0.0006084551250840195,0.0009563282135143168,0.022114222978885368
0.82875,0.0,0.0004611251895436546,0.0007402601564917788,0.018748628878564676
0.83125,0.0,0.0003481073771904949,0.0005711122397928171,0.015859827187263746
0.83375,0.0,0.0002617650705083519,0.000439158334592656,0.013386269331553237
0.83625,0.0,0.00019607139964960654,0.00033657838950416533,0.011273373498822055
0.83875,0.0,0.00014629210554062722,0.00025711038538191123,0.009472890604418239
0.84125,0.0,0.00010872555145091416,0.00019576008564007715,0.007942303833841511
0.84375,0.0,8.049083533023976e-05,0.0001485602561579398,0.0066442640156529845
0.8462500000000001,0.0,5.935609710405606e-05,0.00011237194995935141,0.005546062185032558
0.84875,0.0,4.3600184396198434e-05,8.472133387452496e-05,0.004619139925179201
0.8512500000000001,0.0,3.190181563361631e-05,6.366636229348544e-05,0.0038386374184881077
0.85375,0.0,2.325126380320391e-05,4.7688367236892434e-05,0.0031829785945634123
0.8562500000000001,0.0,1.688036421754152e-05,3.560432900082486e-05,0.002633492319410776
0.85875,0.0,1.2207343003112475e-05,2.6496215727197036e-05,0.0021740682206204233
0.8612500000000001,0.0,8.793556727226611e-06,1.9654334201431586e-05,0.0017908454775993168
0.86375,0.0,6.309748945554496e-06,1.4532120715567863e-05,0.0014719327144127059
0.86625,0.0,4.509866347035436e-06,1.071022403972216e-05,0.0012071570061341192
0.86875,0.0,3.2108450565005573e-06,7.868097361980614e-06,0.000987839938671886
0.87125,0.0,2.277084343305039e-06,5.761627902082577e-06,0.0008065986381953986
0.87375,0.0,1.6085811793687187e-06,4.205597359694477e-06,0.0006571697014593819
0.87625,0.0,1.1319074122439782e-06,3.0599889423345283e-06,0.0005342540051106733
0.87875,0.0,7.933830925566268e-07,2.219342720685393e-06,0.00043338044375688397
0.88125,0.0,5.539352976313566e-07,1.6045154282703012e-06,0.00035078673720547544
0.88375,0.0,3.852469454557277e-07,1.15632809559614e-06,0.00028331555159902993
0.88625,0.0,2.6688464771495387e-07,8.30689176875826e-07,0.0002283242926415901
0.88875,0.0,1.841669927671358e-07,5.948657252580232e-07,0.00018360704787332053
0.89125,0.0,1.2659144843496215e-07,4.2464388819727735e-07,0.00014732727578264278
0.89375,0.0,8.667644380011737e-08,3.021752919177966e-07,0.00011795995980723876
0.89625,0.0,5.911546807624416e-08,2.1435013337348098e-07,9.424206285845341e-05
0.89875,0.0,4.0161207692789486e-08,1.5157301312971965e-07,7.513023127087198e-05
0.90125,0.0,2.717781555361456e-08,1.0684541788421573e-07,5.976480480874493e-05
0.90375,0.0,1.832010099178618e-08,7.50807112431997e-08,4.743929069131892e-05
0.90625,0.0,1.2301137886084041e-08,5.2594686828114865e-08,3.757455397363819e-05
0.9087500000000001,0.0,8.22746315520798e-09,3.672814092395407e-08,2.969706373737535e-05
0.91125,0.0,5.4813931171794395e-09,2.556831751696539e-08,2.3420614316822664e-05
0.9137500000000001,0.0,3.637667944644734e-09,1.7744102474369697e-08,1.8431013285564204e-05
0.91625,0.0,2.4046542534961703e-09,1.2276007381886363e-08,1.4473293367966986e-05
0.9187500000000001,0.0,1.5833556687993766e-09,8.466696195526723e-09,1.1341064123695302e-05
0.92125,0.0,1.0385914350763636e-09,5.8213943643127405e-09,8.867671561112204e-06
0.9237500000000001,0.0,6.78523903729895e-10,3.9902371002641005e-09,6.9188801921275124e-06
0.92625,0.0,4.416023102749117e-10,2.726662533745329e-09,5.386832899855925e-06
0.92875,0.0,2.8625990466934374e-10,1.8574939335043719e-09,4.18507981600723e-06
0.93125,0.0,1.84874338060585e-10,1.2615051573201344e-09,3.2444986606509387e-06
0.93375,0.0,1.1888268147685902e-10,8.541193789716928e-10,2.5099561350967967e-06
0.93625,0.0,7.620570841027237e-11,5.765253915321716e-10,1.9375834126703413e-06
0.93875,0.0,4.862776847858073e-11,3.8796380990543654e-10,1.492558951698575e-06
0.94125,0.0,3.090860900556502e-11,2.6027940722288e-10,1.1473091420525717e-06
0.94375,0.0,1.958433415438731e-11,1.7408748467232802e-10,8.800520434672432e-07
0.94625,0.0,1.2345680033832004e-11,1.160855822235545e-10,6.736220023642031e-07
0.94875,0.0,7.727152251390912e-12,7.717495629999359e-11,5.145235353119972e-07
0.95125,0.0,4.884981308350793e-12,5.1152483749841246e-11,3.921718030723304e-07
0.95375,0.0,3.019806626980356e-12,3.380293308505062e-11,2.982845024228755e-07
0.95625,0.0,1.8651746813703026e-12,2.2271238013489954e-11,2.2639627981479844e-07
0.95875,0.0,1.1546319456101874e-12,1.462988414930673e-11,1.7147200269124797e-07
0.96125,0.0,7.54951656745089e-13,9.581794121335249e-12,1.2959956934990197e-07
0.96375,0.0,3.996802888650649e-13,6.256944462223115e-12,9.774653416672247e-08
0.96625,0.0,2.664535259100314e-13,4.073658440777802e-12,7.356779067052275e-08
0.96875,0.0,1.7763568394002883e-13,2.6442594286446668e-12,5.525399251095348e-08
0.9712500000000001,0.0,8.881784197001048e-14,1.711239414811832e-12,4.1412389127895724e-08
0.97375,0.0,8.881784197001442e-14,1.1040071554883557e-12,3.0973383214587666e-08
0.9762500000000001,0.0,4.440892098500524e-14,7.100483182985725e-13,2.3117443798215418e-08
0.97875,0.0,4.440892098500721e-14,4.551351146616158e-13,1.721808499101216e-08
0.9812500000000001,0.0,0.0,2.9086425691767457e-13,1.2797490719942141e-08
0.98375,0.0,0.0,1.8506803419877886e-13,9.492067238682593e-09
0.9862500000000001,0.0,0.0,1.1760608763175035e-13,7.025768935960658e-09
0.98875,0.0,0.0,7.398985027838525e-14,5.1894945551056034e-09
0.9912500000000001,0.0,0.0,4.711784040240468e-14,3.825211630749874e-09
0.99375,0.0,0.0,2.864667594612744e-14,2.8137541666328913e-09
0.99625,0.0,0.0,1.9311513715432815e-14,2.065466610854093e-09
0.99875,0.0,0.0,9.685958769250515e-15,1.5130476953686107e-09
