x,exact,numerical,initial
0.000625,0.0,3.3458922961797216e-73,3.4227731759983726e-09
0.001875,0.0,1.0543437658163644e-72,4.510747331210041e-09
0.003125,0.0,2.926894725201389e-72,5.9341420666214625e-09
0.004375,0.0,7.581422561126998e-72,7.793188316895792e-09
0.005625,0.0,1.8789620417340996e-71,1.0216938406415464e-08
0.006875,0.0,4.515029511581494e-71,1.3371259655059482e-08
0.008125,0.0,1.0601957617285219e-70,1.746900402110894e-08
0.009375,0.0,2.445010296791877e-70,2.2782975506174817e-08
0.010625,0.0,5.556883375679922e-70,2.9661961775673276e-08
0.011875,0.0,1.2476564138232902e-69,3.855094021787405e-08
0.013125,0.0,2.772365485228907e-69,5.0016835118071894e-08
0.014375,0.0,6.105030144860505e-69,6.47803588549323e-08
0.015625,0.0,1.3337207255141826e-68,8.375615756506242e-08
0.016875,0.0,2.892971978015465e-68,1.0810268236127731e-07
0.018125,0.0,6.234730058547163e-68,1.3928422859521587e-07
0.019375,0.0,1.3357453154701706e-67,1.7914878469582602e-07
0.020625,0.0,2.8461619742860333e-67,2.3002328930488126e-07
0.021875000000000002,0.0,6.033797292498497e-67,2.948328248209015e-07
0.023125,0.0,1.2730827802539526e-66,3.772471668384011e-07
0.024375,0.0,2.6740932364547017e-66,4.818615728652271e-07
0.025625000000000002,0.0,5.59310385841842e-66,6.144191821988454e-07
0.026875,0.0,1.1651300846720953e-65,7.820838199279471e-07
0.028125,0.0,2.4177897855260174e-65,9.93774795787771e-07
0.029375000000000002,0.0,4.998654816280619e-65,1.2605752885974676e-06
0.030625,0.0,1.0297650265158065e-64,1.5962309252159897e-06
0.031875,0.0,2.1141053039341907e-64,2.017756628447385e-06
0.033125,0.0,4.325794550083692e-64,2.546173316630982e-06
0.034375,0.0,8.822634461777233e-64,3.2074010558602565e-06
0.035625000000000004,0.0,1.7937496608038152e-63,4.033338774078762e-06
0.036875,0.0,3.635723247768308e-63,5.063167085594951e-06
0.038125,0.0,7.347105440250588e-63,6.344916991807275e-06
0.039375,0.0,1.4803566964760203e-62,7.937354107312438e-06
0.040625,0.0,2.9741767755913863e-62,9.912237208808952e-06
0.041875,0.0,5.958554674343968e-62,1.2357019985032015e-05
0.043125000000000004,0.0,1.1904476301698832e-61,1.5378073525695854e-05
0.044375,0.0,2.3718902726256657e-61,1.9104524984214865e-05
0.045625,0.0,4.713157786185937e-61,2.3692815886988663e-05
0.046875,0.0,9.340695231130404e-61,2.9332105677681825e-05
0.048125,0.0,1.846340328371192e-60,3.6250660828684966e-05
0.049375,0.0,3.6401895609040124e-60,4.4723392456091874e-05
0.050625,0.0,7.158619357992214e-60,5.508072864479625e-05
0.051875000000000004,0.0,1.4042355939733513e-59,6.771903167113211e-05
0.053125,0.0,2.747689718785477e-59,8.311280264017278e-05
0.054375,0.0,5.363190328484226e-59,0.0001018289442100694
0.055625,0.0,1.0442792458094457e-58,0.000124543389068421
0.056875,0.0,2.0284180761706743e-58,0.0001520604403282276
0.058125,0.0,3.930561303198886e-58,0.00018533520949048904
0.059375000000000004,0.0,7.598297755772162e-58,0.00022549958567097511
0.060625,0.0,1.4653809444658066e-57,0.00027389221521900687
0.061875,0.0,2.819451854066716e-57,0.00033209302512382494
0.063125,0.0,5.412099053239256e-57,0.0004019628764950763
0.064375,0.0,1.0364785448924635e-56,0.00048568899373435627
0.065625,0.0,1.9804080574998418e-56,0.0005858368742117642
0.066875,0.0,3.775328741226572e-56,0.00070540944654418
0.068125,0.0,7.180690621833607e-56,0.0008479143084993971
0.069375,0.0,1.3626814902990095e-55,0.001017439940476094
0.07062500000000001,0.0,2.5801460141816406e-55,0.0012187418537479278
0.07187500000000001,0.0,4.874396350293137e-55,0.0014573396966977164
0.073125,0.0,9.188161928660531e-55,0.0017396263983115985
0.074375,0.0,1.7281128113226386e-54,0.0020729904875782506
0.075625,0.0,3.243063072936312e-54,0.0024659527710912932
0.076875,0.0,6.07271051668059e-54,0.002928318595296628
0.078125,0.0,1.1346384367548999e-53,0.0034713469449165727
0.079375,0.0,2.1153577287785754e-53,0.004107937649333589
0.080625,0.0,3.9351845708888784e-53,0.004852837962099339
0.081875,0.0,7.304739669698094e-53,0.005722869765945044
0.083125,0.0,1.3530255348994165e-52,0.006737178606330823
0.084375,0.0,2.500759886999466e-52,0.007917505693866282
0.085625,0.0,4.6121749032336505e-52,0.009288483913660875
0.08687500000000001,0.0,8.488094855608761e-52,0.010877958752253381
0.088125,0.0,1.5587920005222524e-51,0.012717334881040673
0.089375,0.0,2.856553149218041e-51,0.01484194893044409
0.090625,0.0,5.223664333428288e-51,0.01729146873286068
0.091875,0.0,9.532121208081766e-51,0.02011031901547609
0.093125,0.0,1.7357518562722182e-50,0.023348133171552356
0.094375,0.0,3.1540739980134333e-50,0.027060230336406452
0.095625,0.0,5.719322307647041e-50,0.03130811653737628
0.096875,0.0,1.0349227780641133e-49,0.036160008170016376
0.098125,0.0,1.8688057515806105e-49,0.04169137548424292
0.099375,0.0,3.367559832019343e-49,0.04798550313740431
0.100625,0.0,6.055687600111909e-49,0.05513406418722328
0.10187500000000001,0.0,1.0867022702019578e-48,0.0632377031679176
0.10312500000000001,0.0,1.946070587887023e-48,0.072406623111032
0.104375,0.0,3.4778383371123525e-48,0.08276117055232653
0.105625,0.0,6.202472049882074e-48,0.09443241171078745
0.106875,0.0,1.103892181570833e-47,0.10756269214731153
0.108125,0.0,1.9606346119859466e-47,0.12230617131900867
0.109375,0.0,3.475173958736149e-47,0.1388293225510039
0.110625,0.0,6.147067493065528e-47,0.15731138807204545
0.111875,0.0,1.085107083224842e-46,0.1779447779127084
0.113125,0.0,1.9115779033352914e-46,0.2009354006679674
0.114375,0.0,3.36068463978867e-46,0.22650291339991727
0.115625,0.0,5.896325025445159e-46,0.25488087731990716
0.116875,0.0,1.032415400682406e-45,0.2863168053670148
0.11812500000000001,0.0,1.804049378477189e-45,0.32107208741467524
0.11937500000000001,0.0,3.146043400400368e-45,0.35942177861345936
0.120625,0.0,5.4752603267205875e-45,0.4016542363382666
0.121875,0.0,9.509770112539434e-45,0.44807059137794664
0.123125,0.0,1.64839706142879e-44,0.4989840394063356
0.124375,0.0,2.851553845931497e-44,0.5547189394266012
0.12562500000000001,0.0,4.923008644752373e-44,0.6156097068060967
0.12687500000000002,0.0,8.482233468901424e-44,0.6819994897320208
0.128125,0.0,1.4585514566853004e-43,0.7542386194316457
0.129375,0.0,2.503032503112582e-43,0.8326828263255585
0.130625,0.0,4.286923152136137e-43,0.9176912164204679
0.131875,0.0,7.32758125031925e-43,1.0096240046990603
0.133125,0.0,1.2500073533627994e-42,1.108840005024713
0.134375,0.0,2.1281523055288054e-42,1.2156938791281646
0.135625,0.0,3.6160320957290965e-42,1.330533150570411
0.136875,0.0,6.132004822533227e-42,1.4536949931500218
0.138125,0.0,1.0378020781997307e-41,1.5855028070059771
0.139375,0.0,1.7529503192395177e-41,1.7262625996282905
0.140625,0.0,2.9550775308996643e-41,1.8762591930686394
0.141875,0.0,4.971798503603224e-41,2.035752282796331
0.143125,0.0,8.348427608298855e-41,2.2049723778007717
0.144375,0.0,1.3990831623450853e-40,2.384116655644692
0.145625,0.0,2.3400826487253e-40,2.5733447701374845
0.146875,0.0,3.906329040072152e-40,2.772774653062357
0.148125,0.0,6.508149769710471e-40,2.9824783548662
0.149375,0.0,1.0821774281173902e-39,3.202477972331949
0.150625,0.0,1.7959437927746154e-39,3.432741713923845
0.151875,0.0,2.97468828014116e-39,3.673180155634667
0.153125,0.0,4.917515626083991e-39,3.9236427417172113
0.154375,0.0,8.113471357707268e-39,4.183914585558975
0.155625,0.0,1.3360584051175668e-38,4.453713626111751
0.15687500000000001,0.0,2.1958519693634688e-38,4.732688194655661
0.15812500000000002,0.0,3.6019746723917966e-38,5.020415045214617
0.15937500000000002,0.0,5.8971113416954e-38,5.316397899625787
0.160625,0.0,9.636075069148194e-38,5.620066555061548
0.161875,0.0,1.5715358451334178e-37,5.930776597728421
0.163125,0.0,2.5580720482934656e-37,6.247809761507423
0.164375,0.0,4.1559155325788395e-37,6.570374964513264
0.165625,0.0,6.738871970540546e-37,6.897610049942087
0.166875,0.0,1.0906247456250338e-36,7.228584250250585
0.168125,0.0,1.7617011333166212e-36,7.562301385704011
0.169375,0.0,2.8402656511835316e-36,7.8977037997639705
0.170625,0.0,4.570425455184036e-36,8.233677024758405
0.171875,0.0,7.34051176175566e-36,8.569055161904242
0.173125,0.0,1.176709315174067e-35,8.902626950180219
0.174375,0.0,1.8827224144313418e-35,9.233142488905912
0.175625,0.0,3.006621453105579e-35,9.5593205693332
0.176875,0.0,4.792340635240436e-35,9.87985656124696
0.178125,0.0,7.624198442363984e-35,10.193430791665428
0.179375,0.0,1.210652230655918e-34,10.498717344378363
0.180625,0.0,1.9187767525929888e-34,10.79439320142205
0.181875,0.0,3.0353616576442047e-34,11.079147640804122
0.183125,0.0,4.792681038541699e-34,11.351691798995923
0.184375,0.0,7.553180010060051e-34,11.61076830202904
0.185625,0.0,1.188134240860961e-33,11.855160865570491
0.186875,0.0,1.8654632898054125e-33,12.083703762191734
0.18812500000000001,0.0,2.9234426310164186e-33,12.295291053269242
0.18937500000000002,0.0,4.572885004606024e-33,12.488885483589918
0.19062500000000002,0.0,7.139618221550248e-33,12.663526938810755
0.19187500000000002,0.0,1.1126277280976418e-32,12.81834036943933
0.193125,0.0,1.7306774401876638e-32,12.95254308992101
0.194375,0.0,2.687045011391989e-32,13.065451367695045
0.195625,0.0,4.1641609280184817e-32,13.156486224632623
0.196875,0.0,6.441322305076988e-32,13.225178381992452
0.198125,0.0,9.945319389131352e-32,13.271172289807152
0.199375,0.0,1.5327094790708434e-31,13.294229192290695
0.200625,0.0,2.3577599746336806e-31,13.294229192290695
0.201875,0.0,3.62025550014142e-31,13.271172289807152
0.203125,0.0,5.548556228975607e-31,13.225178381992452
0.204375,0.0,8.488347769476542e-31,13.156486224632578
0.205625,0.0,1.2961940286715058e-30,13.065451367695134
0.206875,0.0,1.9757037964921977e-30,12.952543089920965
0.208125,0.0,3.0059372934811524e-30,12.818340369439348
0.209375,0.0,4.565050361062247e-30,12.663526938810755
0.210625,0.0,6.920223575771448e-30,12.488885483589918
0.211875,0.0,1.047140384897979e-29,12.295291053269242
0.213125,0.0,1.5816168061781032e-29,12.08370376219169
0.214375,0.0,2.3845727229598225e-29,11.855160865570536
0.215625,0.0,3.5886754633834194e-29,11.610768302029129
0.216875,0.0,5.391051738218216e-29,11.351691798995834
0.218125,0.0,8.084067246406968e-29,11.079147640804166
0.21937500000000001,0.0,1.210054289046056e-28,10.794393201422094
0.22062500000000002,0.0,1.8080054922958313e-28,10.498717344378408
0.22187500000000002,0.0,2.6965969261136905e-28,10.193430791665383
0.22312500000000002,0.0,4.014719317886062e-28,9.879856561246916
0.224375,0.0,5.966486780637764e-28,9.559320569333165
0.225625,0.0,8.85131947537837e-28,9.233142488905957
0.226875,0.0,1.3107645927700597e-27,8.902626950180174
0.228125,0.0,1.937627407243426e-27,8.56905516190433
0.229375,0.0,2.8592114010123728e-27,8.23367702475836
0.230625,0.0,4.211669292951745e-27,7.8977037997639705
0.231875,0.0,6.1929252867310725e-27,7.562301385704011
0.233125,0.0,9.090182576781287e-27,7.228584250250585
0.234375,0.0,1.33194466636921e-26,6.897610049942132
0.235625,0.0,1.9482209786870022e-26,6.570374964513264
0.236875,0.0,2.844660013664646e-26,6.247809761507378
0.238125,0.0,4.146334412031354e-26,5.930776597728377
0.239375,0.0,6.033117676148403e-26,5.62006655506154
0.240625,0.0,8.763235993630992e-26,5.316397899625787
0.241875,0.0,1.2706741943592918e-25,5.020415045214661
0.243125,0.0,1.8393004537543353e-25,4.73268819465575
0.244375,0.0,2.657796393771076e-25,4.453713626111796
0.245625,0.0,3.833920648684093e-25,4.183914585558842
0.246875,0.0,5.521012862970451e-25,3.9236427417172557
0.248125,0.0,7.936892423992944e-25,3.6731801556346224
0.249375,0.0,1.1390432614784217e-24,3.432741713923978
0.250625,0.0,1.6318861415533026e-24,3.2024779723318777
0.251875,0.0,2.334002652287714e-24,2.9824783548661773
0.253125,0.0,3.3325499250285566e-24,2.7727746530623847
0.254375,0.0,4.750264703362396e-24,2.5733447701374974
0.255625,0.0,6.759690500935353e-24,2.3841166556447364
0.256875,0.0,9.602973310813479e-24,2.204972377800678
0.258125,0.0,1.3619357634642577e-23,2.0357522827963317
0.259375,0.0,1.928331214285031e-23,1.8762591930686867
0.260625,0.0,2.725730316115786e-23,1.7262625996282401
0.261875,0.0,3.8464718221677733e-23,1.5855028070059862
0.263125,0.0,5.419046098862763e-23,1.4536949931500542
0.264375,0.0,7.621948107774887e-23,1.3305331505704259
0.265625,0.0,1.0702722017494263e-22,1.2156938791281473
0.26687500000000003,0.0,1.50040987872035e-22,1.108840005024777
0.268125,0.0,2.09998079568986e-22,1.0096240046990383
0.26937500000000003,0.0,2.934356193635029e-22,0.9176912164204475
0.270625,0.0,4.093594592987422e-22,0.832682826325577
0.27187500000000003,0.0,5.701560657367278e-22,0.754238619431629
0.273125,0.0,7.928335997507963e-22,0.681999489732036
0.274375,0.0,1.1007082425101182e-21,0.6156097068060831
0.275625,0.0,1.5256917330587136e-21,0.5547189394265691
0.276875,0.0,2.1113893854966585e-21,0.49898403940636893
0.278125,0.0,2.917288905017699e-21,0.448070591378001
0.279375,0.0,4.0244148851640255e-21,0.40165423633825764
0.280625,0.0,5.542949516024475e-21,0.35942177861337454
0.281875,0.0,7.622486712106997e-21,0.3210720874147125
0.283125,0.0,1.0465807622092941e-20,0.2863168053670212
0.284375,0.0,1.4347357385053624e-20,0.2548808773198571
0.285625,0.0,1.963798836554222e-20,0.2265029133999667
0.286875,0.0,2.6838043055239244e-20,0.2009354006679185
0.288125,0.0,3.662151831452138e-20,0.17794477791275679
0.289375,0.0,4.989493100227902e-20,0.15731138807204895
0.290625,0.0,6.787565741656115e-20,0.13882932255100078
0.291875,0.0,9.219602848412297e-20,0.12230617131896698
0.293125,0.0,1.2504143695328427e-19,0.10756269214730914
0.294375,0.0,1.6933329115843457e-19,0.09443241171087836
0.295625,0.0,2.2897101193879047e-19,0.08276117055227936
0.296875,0.0,3.091516466600566e-19,0.07240662311103362
0.29812500000000003,0.0,4.1679136518336895e-19,0.0632377031679162
0.299375,0.0,5.61080490300769e-19,0.055134064187180094
0.30062500000000003,0.0,7.542132914901226e-19,0.04798550313740324
0.301875,0.0,1.0123461662299389e-18,0.04169137548428825
0.30312500000000003,0.0,1.3568538543245984e-18,0.03616000817005999
0.304375,0.0,1.8159740087567414e-18,0.031308116537332564
0.305625,0.0,2.4269570973060667e-18,0.027060230336405852
0.306875,0.0,3.2388729094463106e-18,0.023348133171464055
0.308125,0.0,4.31626902700621e-18,0.02011031901556446
0.309375,0.0,5.743933197159555e-18,0.01729146873286106
0.310625,0.0,7.633084065185726e-18,0.014841948930399352
0.311875,0.0,1.012940754588589e-17,0.012717334881085222
0.313125,0.0,1.3423474760515168e-17,0.01087795875225314
0.314375,0.0,1.7764228924046484e-17,0.009288483913661081
0.315625,0.0,2.347642165258967e-17,0.007917505693910516
0.316875,0.0,3.098312499065246e-17,0.006737178606286564
0.318125,0.0,4.083475803363085e-17,0.005722869765989326
0.319375,0.0,5.3746463951985795e-17,0.004852837962055038
0.320625,0.0,7.064617663031137e-17,0.0041079376493336804
0.321875,0.0,9.273635376887334e-17,0.0034713469449164955
0.323125,0.0,1.2157315993151195e-16,0.002928318595252284
0.324375,0.0,1.5916790218226844e-16,0.0024659527711356475
0.325625,0.0,2.081168070331653e-16,0.0020729904876227055
0.326875,0.0,2.717668483434061e-16,0.00173962639831156
0.328125,0.0,3.5442737625555896e-16,0.0014573396966533236
0.32937500000000003,0.0,4.616398627070687e-16,0.0012187418537479007
0.330625,0.0,6.005213007343811e-16,0.0010174399404761164
0.33187500000000003,0.0,7.802008357379649e-16,0.0008479143084549693
0.333125,0.0,1.0123742694555782e-15,0.0007054094465886047
0.33437500000000003,3.458570243847822e-14,1.3120074124499604e-15,0.0005858368742117512
0.335625,0.0,1.6982271790657056e-15,0.00048568899373436705
0.336875,0.0,2.1954492042098745e-15,0.0004019628764950674
0.338125,0.0,2.8348030885472074e-15,0.00033209302516824124
0.339375,0.0,3.655931733398212e-15,0.00027389221521900074
0.340625,3.4585702438479756e-14,4.7092603306095476e-15,0.000225499585582161
0.341875,0.0,6.058854314620185e-15,0.00018533520957930276
0.343125,3.4585702438479756e-14,7.786015056770155e-15,0.000152060440328231
0.344375,0.0,9.993798628106075e-15,0.0001245433890240093
0.345625,3.4585702438479756e-14,1.281268822382542e-14,0.00010182894421007166
0.346875,6.917140487695644e-14,1.6407706849075897e-14,8.3112802595762e-05
0.348125,3.4585702438479756e-14,2.0987326083914548e-14,6.771903171554217e-05
0.349375,6.917140487695644e-14,2.681461219766225e-14,5.508072868920394e-05
0.350625,6.917140487695951e-14,3.422115626220099e-14,4.472339245609287e-05
0.351875,1.0375710731543927e-13,4.362446472554968e-14,3.625066078427685e-05
0.353125,1.383428097539129e-13,5.5549646642888097e-14,2.9332105633272254e-05
0.354375,1.3834280975391902e-13,7.065643010793142e-14,2.3692815886989188e-05
0.355625,2.0751421463086933e-13,8.977278151400961e-14,1.910452507303218e-05
0.356875,2.420999170693583e-13,1.139366969784465e-13,1.5378073481287275e-05
0.358125,3.11271321946304e-13,1.444480975708779e-13,1.2357020029440661e-05
0.359375,4.150284292617571e-13,1.829332034226183e-13,9.912237164400251e-06
0.36062500000000003,4.841998341386951e-13,2.3142430394768665e-13,7.937354151721182e-06
0.361875,6.225426438926356e-13,2.9245850354643246e-13,6.344916947398496e-06
0.36312500000000003,7.608854536465209e-13,3.691998299840263e-13,5.063167130003759e-06
0.364375,9.338139658389534e-13,4.655900771424962e-13,4.033338729669908e-06
0.36562500000000003,1.2104995853467377e-12,5.865349524059166e-13,3.2074010114512644e-06
0.366875,1.4871852048546294e-12,7.38133556544751e-13,2.5461734054488803e-06
0.368125,1.8330422292393456e-12,9.279609947231146e-13,2.0177566284473403e-06
0.369375,2.282656360939664e-12,1.1654160661559209e-12,1.5962308808071043e-06
0.370625,2.8706133023936926e-12,1.462148584976464e-12,1.2605752885974362e-06
0.371875,3.5277416487249356e-12,1.832584039505228e-12,9.93774840196714e-07
0.373125,4.3923842096867344e-12,2.2945671132310677e-12,7.820837311100878e-07
0.374375,5.429955282841322e-12,2.870150202227064e-12,6.144192710166994e-07
0.375625,6.744211975503253e-12,3.5865586302393814e-12,4.818614840473745e-07
0.376875,8.335154287673621e-12,4.477370974973884e-12,3.7724721124733046e-07
0.378125,1.030653932666651e-11,5.583961004373105e-12,2.948327804119731e-07
0.379375,1.272753849736055e-11,6.957257450373372e-12,2.3002328930488637e-07
0.380625,1.5736494609507593e-11,8.659889541297958e-12,1.7914878469582205e-07
0.381875,1.9367993365548666e-11,1.0768800254514864e-11,1.3928431741306054e-07
0.383125,2.3898720384988453e-11,1.337842609118122e-11,1.081026823612749e-07
0.384375,2.9397847072707794e-11,1.6604562351400473e-11,8.37561131561433e-08
0.385625,3.617664475064983e-11,2.058905703591123e-11,6.478035885493365e-08
0.386875,4.447721333588299e-11,2.550550537002258e-11,5.0016879526991694e-08
0.388125,5.461082415035954e-11,3.156615142293469e-11,3.8550851400032936e-08
0.389375,6.70270913257708e-11,3.9030244425585e-11,2.9661961775672577e-08
0.390625,8.221021469626638e-11,4.8214146403178826e-11,2.278301991509628e-08
0.39187500000000003,1.0071356550084858e-10,5.950354608198286e-11,1.746904843002954e-08
0.393125,1.2326344349074186e-10,7.33682034043065e-11,1.337117083721779e-08
0.39437500000000003,1.5082824833420354e-10,9.037973138638495e-11,1.0216982815336214e-08
0.395625,1.843072082946586e-10,1.1123301981992344e-10,7.793143907974974e-09
0.39687500000000003,2.2508375146961624e-10,1.367720211871859e-10,5.934186475542309e-09
0.398125,2.7464506306396777e-10,1.6802075633265588e-10,4.510791740131122e-09
0.39937500000000004,3.3482418530690765e-10,2.062205596492327e-10,3.4226843581563236e-09
0.400625,4.0786918885699177e-10,2.528747751528537e-10,2.592770442788661e-09
0.401875,4.964777585043549e-10,3.0980234091391907e-10,1.9605650436460114e-09
0.403125,6.037971931709796e-10,3.792019657938303e-10,1.4800605185883203e-09
0.404375,7.337010915298771e-10,4.6372891616328016e-10,1.1151968237754514e-09
0.405625,8.908585234103616e-10,5.665867992192379e-10,8.389733352487562e-10
0.406875,1.080768615500006e-09,6.91637162898773e-10,6.300737709352543e-10
0.408125,1.3100718226671749e-09,8.435302408914205e-10,4.722444657545666e-10
0.409375,1.5867574421749426e-09,1.0278607672243232e-09,3.5340619319867166e-10
0.410625,1.920267370789273e-09,1.2513534825885701e-09,2.6405544417685287e-10
0.411875,2.321980304612112e-09,1.5220837704223223e-09,1.9690915564751321e-10
0.413125,2.8054192532972856e-09,1.8497398136844521e-09,1.465494392505238e-10
0.414375,3.3867357398831027e-09,2.245933774993262e-09,1.0897949209720285e-10
0.415625,4.085090243521036e-09,2.7245707983448936e-09,8.082423619271312e-11
0.416875,4.923482256332224e-09,3.302286138605567e-09,5.986322548778972e-11
0.418125,5.928992383325884e-09,3.998962478187639e-09,4.432010314303523e-11
0.419375,7.134062013390097e-09,4.838341526276231e-09,3.2596148002995294e-11
0.420625,8.576908347718215e-09,5.84874635749969e-09,2.4069635173872838e-11
0.421875,1.0303149927827996e-08,7.063933682873591e-09,1.767475055203287e-11
0.42312500000000003,1.2366636692414465e-08,8.524098411810469e-09,1.3056222769591539e-11
0.424375,1.4831213848181083e-08,1.0277056523218756e-08,9.414691248821528e-12
0.42562500000000003,1.7772347397846174e-08,1.237963648802403e-08,7.016609515630827e-12
0.426875,2.1279164696596618e-08,1.4899314356254028e-08,5.062616992290822e-12
0.42812500000000003,2.5457082965461402e-08,1.7916133231314857e-08,3.7303493627404395e-12
0.429375,3.0430195704793975e-08,2.1524954306455572e-08,2.6645352591004326e-12
0.43062500000000004,3.6344904193011414e-08,2.5838094051294525e-08,1.9539925233402303e-12
0.431875,4.337361815677552e-08,3.098841064222978e-08,1.4210854715202307e-12
0.433125,5.1719078983773506e-08,3.713291247875399e-08,1.0658141036401256e-12
0.434375,6.161951299241015e-08,4.4456972785747324e-08,7.105427357601153e-13
0.435625,7.335489144391477e-08,5.317924705774345e-08,5.329070518200628e-13
0.436875,8.725339806873819e-08,6.355740466552097e-08,4.440892098500721e-13
0.438125,1.0370004090641118e-07,7.589480255360647e-08,2.664535259100314e-13
0.439375,1.2314536790261688e-07,9.054824787220556e-08,1.7763568394002883e-13
0.440625,1.4611684560522426e-07,1.0793701790158869e-07,1.7763568394002096e-13
0.441875,1.7323086040311597e-07,1.2855333006688517e-07,8.881784197001442e-14
0.443125,2.0520745203533016e-07,1.5297448256843683e-07,8.881784197001048e-14
0.444375,2.428867763855362e-07,1.8187691756849071e-07,0.0
0.445625,2.872483005467517e-07,2.1605249442297366e-07,8.881784197001048e-14
0.446875,3.394329376710646e-07,2.564273006177193e-07,8.881784197001442e-14
0.448125,4.007682945322402e-07,3.0408337340237804e-07,0.0
0.449375,4.727980002015045e-07,3.6028375620714753e-07,0.0
0.450625,5.573149774933311e-07,4.2650137143063326e-07,0.0
0.451875,6.56400213537649e-07,5.044522558175002e-07,0.0
0.453125,7.724664069366747e-07,5.961337771850995e-07,0.0
0.45437500000000003,9.083083937186318e-07,7.038685325634821e-07,0.0
0.455625,1.0671610438041464e-06,8.303547188137452e-07,0.0
0.45687500000000003,1.2527645242261436e-06,9.787238684966019e-07,0.0
0.458125,1.4694398343046847e-06,1.1526069572724813e-06,0.0
0.45937500000000003,1.7221740939883455e-06,1.3562100156115987e-06,0.0
0.460625,2.0167180063646667e-06,1.5944005183558486e-06,0.0
0.46187500000000004,2.359696566492512e-06,1.8728059820795995e-06,0.0
0.463125,2.758735230045909e-06,2.1979263737194634e-06,0.0
0.464375,3.2226026830921385e-06,2.577262126163077e-06,0.0
0.465625,3.7613727723523975e-06,3.0194597690885515e-06,0.0
0.466875,4.386608397379508e-06,3.534477418120992e-06,0.0
0.468125,5.11156899018936e-06,4.133772624219595e-06,0.0
0.469375,5.95144552510605e-06,4.830515370133904e-06,0.0
0.470625,6.9236255490030835e-06,5.639829313882222e-06,0.0
0.471875,8.047992416796893e-06,6.579064722721367e-06,0.0
0.473125,9.347262052436114e-06,7.668106917304854e-06,0.0
0.474375,1.0847362457809053e-05,8.929724457065581e-06,0.0
0.475625,1.257786008528961e-05,1.0389961746790129e-05,0.0
0.476875,1.4572438884294494e-05,1.2078581233424885e-05,0.0
0.478125,1.686943741725051e-05,1.4029560893975624e-05,0.0
0.479375,1.951245123876503e-05,1.6281653292576657e-05,0.0
0.480625,2.2551006832629692e-05,1.8879013110076365e-05,0.0
0.481875,2.6041315372621088e-05,2.1871900725471908e-05,0.0
0.483125,3.004711443473033e-05,2.5317470157852637e-05,0.0
0.484375,3.4640607517786464e-05,2.9280650462742948e-05,0.0
0.48562500000000003,3.990351043386362e-05,3.3835130520333166e-05,0.0
0.486875,4.592821650061937e-05,3.9064458057376206e-05,0.0
0.48812500000000003,5.281909222543847e-05,4.5063264711647234e-05,0.0
0.489375,6.0693916036099333e-05,5.193862997971694e-05,0.0
0.49062500000000003,6.96854743071491e-05,5.9811597986991305e-05,0.0
0.491875,7.994333017652412e-05,6.881886218478437e-05,0.0
0.49312500000000004,9.1635780888747e-05,7.911463431346054e-05,0.0
0.494375,0.00010495202175321043,9.087271527376649e-05,0.0
0.49562500000000004,0.00012010453535902586,0.00010428878692015758,0.0
0.496875,0.00013733172655600558,0.00011958294522934805,0.0
0.498125,0.00015690082505965928,0.00013700249680288114,0.0
0.499375,0.0001791110784379211,0.00015682504223178508,0.0
0.500625,0.00020429726128017966,0.00017936187148099626,0.0
0.501875,0.00023283352590027087,0.00020496169813679217,0.0
0.503125,0.0002651376237290428,0.0002340147610964347,0.0
0.504375,0.00030167552603317346,0.00026695732405880194,0.0
0.505625,0.0003429664768519179,0.0003042766049898191,0.0
0.506875,0.0003895885100736377,0.0003465161695773535,0.0
0.508125,0.00044218446648357625,0.0003942818245456933,0.0
0.509375,0.000501468547373682,0.00044824804855685477,0.0
0.510625,0.0005682334423795419,0.0005091650002700129,0.0
0.511875,0.0006433580733227406,0.0005778661449446543,0.0
0.513125,0.0007278159936945257,0.0006552765427389339,0.0
0.514375,0.0008226844889153271,0.0007424218435513585,0.0
0.515625,0.0009291544210159673,0.0008404380348583437,0.0
0.516875,0.0010485408640876646,0.0009505819904871046,0.0
0.5181250000000001,0.0011822945780192177,0.0010742428696051936,0.0
0.519375,0.0013320143685975892,0.0012129544163748123,0.0
0.520625,0.0014994603828042449,0.0013684082116795107,0.0
0.521875,0.0016865683893219124,0.0015424679290483398,0.0
0.5231250000000001,0.0018954650943625974,0.001737184647340923,0.0
0.524375,0.002128484541793599,0.001954813272876993,0.0
0.525625,0.0023881856481907195,0.0021978301234541462,0.0
0.526875,0.0026773709209333796,0.002468951726054484,0.0
0.528125,0.00299910640720209,0.0027711548789489085,0.0
0.529375,0.0033567429193292948,0.0031076980273201196,0.0
0.530625,0.0037539385808702734,0.003482143999393268,0.0
0.531875,0.004194682733522996,0.003898384147337106,0.0
0.533125,0.004683321243519441,0.004360663933827997,0.0
0.534375,0.005224583239004435,0.004873610001103372,0.0
0.535625,0.005823609309829835,0.0054422587545196015,0.0
0.536875,0.006485981190149849,0.006072086487021469,0.0
0.538125,0.007217752942582336,0.006769041064477571,0.0
0.539375,0.00802548365259572,0.00753957518449066,0.0
0.540625,0.008916271635214905,0.008390681213009368,0.0
0.541875,0.009897790146218029,0.009329927593806025,0.0
0.543125,0.010978324580577055,0.010365496815606742,0.0
0.544375,0.012166811129698352,0.01150622491033084,0.0
0.545625,0.013472876857837763,0.012761642443490165,0.0
0.546875,0.014906881142664407,0.014142016944292731,0.0
0.548125,0.016479958414710554,0.015658396708376154,0.0
0.5493750000000001,0.018204062111164265,0.01732265589035856,0.0
0.550625,0.02009200974713486,0.01914754078654171,0.0
0.551875,0.022157528986455486,0.021146717190146738,0.0
0.553125,0.024415304580100387,0.023334818682431972,0.0
0.5543750000000001,0.026881026016764294,0.02572749570297237,0.0
0.555625,0.029571435713694555,0.02834146522132006,0.0
0.556875,0.03250437755258191,0.03119456081028062,0.0
0.558125,0.03569884554381205,0.03430578289820751,0.0
0.5593750000000001,0.039175032381559935,0.037695348954132235,0.0
0.560625,0.04295437762618921,0.04138474333532047,0.0
0.561875,0.04705961523009125,0.045396766502100144,0.0
0.563125,0.05151482009550542,0.04975558327969316,0.0
0.564375,0.056345453332966366,0.054486769821455054,0.0
0.565625,0.06157840586055334,0.05961735890256963,0.0
0.566875,0.06724203996298844,0.06517588314805131,0.0
0.568125,0.07336622840541858,0.07119241577409294,0.0
0.569375,0.07998239067197098,0.07769860839758895,0.0
0.570625,0.08712352587920838,0.08472772544531312,0.0
0.571875,0.0948242418919623,0.09231467467199521,0.0
0.573125,0.10312078014857175,0.10049603327570128,0.0
0.574375,0.11205103568630526,0.10931006907976605,0.0
0.575625,0.12165457183812792,0.1187967562333544,0.0
0.576875,0.13197262906087895,0.12899778486785085,0.0
0.578125,0.14304812734018435,0.13995656413401344,0.0
0.579375,0.15492566161046473,0.15171821803549804,0.0
0.5806250000000001,0.16765148962053655,0.16432957346829083,0.0
0.581875,0.1812735116740392,0.177839139873105,0.0
0.583125,0.19584124167403247,0.19229707990921746,0.0
0.584375,0.2114057689059094,0.20775517056386547,0.0
0.5856250000000001,0.22801971000360605,0.22426675412148694,0.0
0.586875,0.2457371505547334,0.24188667843206246,0.0
0.588125,0.26461357582282646,0.2606712259378771,0.0
0.589375,0.2847057900847655,0.28067803094340366,0.0
0.5906250000000001,0.30607182411334033,0.3019659846439485,0.0
0.591875,0.3287708303669915,0.32459512746537905,0.0
0.593125,0.35286296549077073,0.3486265283098275,0.0
0.594375,0.37840925977633755,0.374122150350858,0.0
0.595625,0.4054714732822215,0.4011447030762585,0.0
0.596875,0.43411193837165524,0.4297574803374158,0.0
0.598125,0.464393388488778,0.4600241842311096,0.0
0.599375,0.49637877306451234,0.4920087347124626,0.0
0.600625,0.5301310585151167,0.5257750649165505,0.0
0.601875,0.5657130153808082,0.5613869022506278,0.0
0.603125,0.6031869917330507,0.5989075354088086,0.0
0.604375,0.6426146730734357,0.6383995675560038,0.0
0.605625,0.6840568290398407,0.6799246560276125,0.0
0.606875,0.7275730473359971,0.7235432389954076,0.0
0.608125,0.7732214554037229,0.7693142496577264,0.0
0.609375,0.8210584304635354,0.8172948186229148,0.0
0.610625,0.8711382986580977,0.8675399652682807,0.0
0.6118750000000001,0.9235130241444719,0.9201022789719194,0.0
0.613125,0.9782318890927065,0.9750315912308781,0.0
0.614375,1.035341165662142,1.0323746397953928,0.0
0.615625,1.0948837811375125,1.0921747260645036,0.0
0.6168750000000001,1.156898977519555,1.1544713671022613,0.0
0.618125,1.221421966972601,1.2192999437450531,0.0
0.619375,1.2884835846380864,1.286691346378245,0.0
0.620625,1.3581099404243768,1.3566716200633635,0.0
0.6218750000000001,1.4303220714792342,1.4292616107943654,0.0
0.623125,1.5051355971426974,1.5044766147520752,0.0
0.624375,1.5825603782606654,1.5823260325086022,0.0
0.625625,1.6626001828139476,1.6628130302073652,0.0
0.626875,1.7452523598854226,1.7459342098082729,0.0
0.628125,1.8305075240402606,1.831679290540597,0.0
0.629375,1.9183492522423218,1.9200308037471994,0.0
0.630625,2.0087537954591266,2.0109638033320767,0.0
0.631875,2.101689807129892,2.1044455940378954,0.0
0.633125,2.197118090674531,2.200435479780467,0.0
0.634375,2.294991368215913,2.2988845342523065,0.0
0.635625,2.3952540726608906,2.3997353959769625,0.0
0.636875,2.4978421652500904,2.5029220899491302,0.0
0.638125,2.602682980628022,2.6083698779324282,0.0
0.639375,2.709695101417228,2.715995139406766,0.0
0.640625,2.8187882641896898,2.8257052850603985,0.0
0.641875,2.929863298626841,2.9373987046081003,0.0
0.6431250000000001,3.0428121015372502,3.0509647505865067,0.0
0.644375,3.1575176472670585,3.166283759630907,0.0
0.645625,3.2738540358824597,3.283227112575123,0.0
0.646875,3.3916865803384004,3.401657334538165,0.0
0.6481250000000001,3.5108719336660124,3.5214282359688616,0.0
0.649375,3.6312582570117042,3.6423850954136205,0.0
0.650625,3.7526854291566876,3.764364884553841,0.0
0.651875,3.874985297922384,3.88719653582966,0.0
0.6531250000000001,3.997981973636365,4.010701252726765,0.0
0.654375,4.1214921645945495,4.134692862554727,0.0
0.655625,4.24532555420792,4.258978211290041,0.0
0.656875,4.369285219266233,4.383357599796668,0.0
0.658125,4.493168088496742,4.507625260473114,0.0
0.659375,4.616765440332653,4.63156987310983,0.0
0.660625,4.739863438546248,4.754975118475975,0.0
0.661875,4.862243704144031,4.877620267892287,0.0
0.663125,4.983683921660337,4.999280806789097,0.0
0.664375,5.103958477740038,5.119729089997377,0.0
0.665625,5.222839129655251,5.238735026278224,0.0
0.666875,5.340095701165193,5.356066789364382,0.0
0.668125,5.45549680290933,5.471491552568363,0.0
0.669375,5.568810574312216,5.584776243807213,0.0
0.670625,5.6798054437831835,5.695688317706042,0.0
0.671875,5.788250903820781,5.8039965412727605,0.0
0.673125,5.893918297469153,5.909471789486657,0.0
0.6743750000000001,5.99658161243776,6.011887847015128,0.0
0.675625,6.096018279079333,6.11102221216735,0.0
0.676875,6.19200996832654,6.206656899112114,0.0
0.678125,6.284343385618791,6.2985792343306,0.0
0.6793750000000001,6.372811056808112,6.38658264324418,0.0
0.680625,6.457212102011141,6.470467422953249,0.0
0.681875,6.537352993386883,6.5500414970459016,0.0
0.683125,6.613048292850675,6.625121148485142,0.0
0.6843750000000001,6.684121365798576,6.69553172666042,0.0
0.685625,6.750405067005271,6.761108324793151,0.0
0.686875,6.811742394971515,6.821696424016279,0.0
0.688125,6.86798711114033,6.877152500603859,0.0
0.689375,6.919004320565833,6.927344593007599,0.0
0.690625,6.964671010808994,6.972152825561768,0.0
0.691875,7.004876546048104,7.01146988594475,0.0
0.693125,7.039523113627613,7.045201453733246,0.0
0.694375,7.068526120521453,7.073266577651937,0.0
0.695625,7.0918145374633506,7.095597999405518,0.0
0.696875,7.1093311887836395,7.1121424222793,0.0
0.698125,7.121032986298205,7.122860723006905,0.0
0.699375,7.126891105909689,7.127728105726793,0.0
0.700625,7.126891105910046,7.126734197180862,0.0
0.701875,7.121032986298171,7.119883082645957,0.0
0.703125,7.109331188783605,7.107193282430099,0.0
0.704375,7.091814537463385,7.088697669107294,0.0
0.7056250000000001,7.068526120522076,7.064443326005097,0.0
0.706875,7.039523113627647,7.034491347795568,0.0
0.708125,7.004876546048104,6.998916584369887,0.0
0.709375,6.964671010808959,6.957807329497815,0.0
0.7106250000000001,6.919004320565209,6.911264956082621,0.0
0.711875,6.86798711114033,6.859403500118154,0.0
0.713125,6.81174239497148,6.802349195735007,0.0
0.714375,6.750405067005341,6.740239963985602,0.0
0.7156250000000001,6.684121365799128,6.673224858261403,0.0
0.716875,6.61304829285071,6.601463469457756,0.0
0.718125,6.537352993386918,6.525125294201972,0.0
0.719375,6.457212102011106,6.444389069636302,0.0
0.720625,6.372811056807526,6.359442078399082,0.0
0.721875,6.2843433856188256,6.270479427573197,0.0
0.723125,6.192009968326472,6.177703305470774,0.0
0.724375,6.0960182790793676,6.081322220196219,0.0
0.725625,5.996581612438314,5.981550223976188,0.0
0.726875,5.893918297469083,5.8786061272648675,0.0
0.728125,5.788250903820849,5.77271270662641,0.0
0.729375,5.6798054437831835,5.664095910363819,0.0
0.730625,5.568810574311686,5.552984065805865,0.0
0.731875,5.455496802909365,5.439607092081586,0.0
0.733125,5.3400957011651595,5.324195722106494,0.0
0.734375,5.222839129655251,5.206980737377214,0.0
0.735625,5.103958477740073,5.088192219023166,0.0
0.7368750000000001,4.983683921660787,4.968058818396615,0.0
0.738125,4.862243704143998,4.846807050297596,0.0
0.739375,4.739863438546283,4.724660611729667,0.0
0.740625,4.616765440332618,4.601839728867908,0.0
0.7418750000000001,4.493168088496362,4.478560534694022,0.0
0.743125,4.369285219266233,4.355034479516723,0.0
0.744375,4.245325554207885,4.2314677763508834,0.0
0.745625,4.121492164594618,4.108060882877989,0.0
0.7468750000000001,3.997981973636677,3.9850080214554926,0.0
0.748125,3.874985297922384,3.862496738385471,0.0
0.749375,3.7526854291566876,3.740707503395695,0.0
0.750625,3.631258257011774,3.619813350030397,0.0
0.7518750000000001,3.510871933665666,3.4999795573958123,0.0
0.753125,3.391686580338435,3.381363373458447,0.0
0.754375,3.2738540358823562,3.2641137798536666,0.0
0.755625,3.1575176472671282,3.1483712979302303,0.0
0.756875,3.042812101537458,3.03426783553402,0.0
0.758125,2.929863298626772,2.921926573822873,0.0
0.759375,2.8187882641898283,2.8114618932051645,0.0
0.760625,2.7096951014171586,2.702979337308623,0.0
0.761875,2.6026829806278258,2.5965756137136746,0.0
0.763125,2.497842165250105,2.492338630028049,0.0
0.764375,2.3952540726608906,2.390347563737152,0.0
0.765625,2.2949913682158782,2.2906729641380004,0.0
0.766875,2.1971180906747163,2.193376884553922,0.0
0.7681250000000001,2.101689807129906,2.0985130429325634,0.0
0.769375,2.008753795459161,2.006127008851296,0.0
0.770625,1.9183492522422876,1.9162564148915624,0.0
0.771875,1.8305075240401916,1.828931190296949,0.0
0.7731250000000001,1.745252359885284,1.7441738147983343,0.0
0.774375,1.6626001828139818,1.661999590472985,0.0
0.775625,1.5825603782606654,1.5824169295023092,0.0
0.776875,1.5051355971426628,1.5054276557045407,0.0
0.7781250000000001,1.430322071479407,1.4310273177431385,0.0
0.779375,1.3581099404244115,1.3592055119483883,0.0
0.780625,1.2884835846380864,1.289946212737701,0.0
0.781875,1.2214219669724973,1.223228108678533,0.0
0.7831250000000001,1.1568989775195204,1.159024942305754,0.0
0.784375,1.0948837811374779,1.0973058518816934,0.0
0.785625,1.035341165662142,1.038035713371018,0.0
0.786875,0.9782318890927411,0.9811754809930607,0.0
0.788125,0.9235130241445064,0.9266825248101825,0.0
0.789375,0.8711382986581322,0.8745109639113083,0.0
0.790625,0.8210584304635354,0.8246119938538748,0.0
0.791875,0.7732214554037229,0.7769342071342075,0.0
0.793125,0.727573047335898,0.7314239055648319,0.0
0.794375,0.6840568290398322,0.6880254035465901,0.0
0.795625,0.6426146730734702,0.6466813213328291,0.0
0.796875,0.6031869917330507,0.6073328674915902,0.0
0.798125,0.5657130153808271,0.5699201098789102,0.0
0.7993750000000001,0.5301310585151291,0.5343822345413913,0.0
0.800625,0.4963787730645469,0.5006577920684901,0.0
0.801875,0.46439338848881256,0.4686849310139483,0.0
0.803125,0.4341119383715515,0.43840161810096073,0.0
0.8043750000000001,0.4054714732822215,0.4097458450166135,0.0
0.805625,0.37840925977633755,0.3826558216874382,0.0
0.806875,0.35286296549080537,0.3570701560093307,0.0
0.808125,0.32877083036702603,0.33292802008129796,0.0
0.8093750000000001,0.3060718241133057,0.31016930306334684,0.0
0.810625,0.28470579008480007,0.2887347508441555,0.0
0.811875,0.26461357582282646,0.2685660927639051,0.0
0.813125,0.2457371505547334,0.24960615569173245,0.0
0.8143750000000001,0.2280197100035715,0.23179896580573212,0.0
0.815625,0.21140576890587484,0.2150898384663117,0.0
0.816875,0.19584124167403247,0.1994254566110996,0.0
0.818125,0.1812735116740738,0.18475393813164462,0.0
0.819375,0.16765148962053655,0.17102489271898227,0.0
0.820625,0.1549256616104993,0.15818946868697817,0.0
0.821875,0.14304812734014977,0.1462003902994016,0.0
0.823125,0.13197262906084437,0.1350119861391692,0.0
0.824375,0.12165457183815169,0.12458020906638517,0.0
0.825625,0.1120510356863152,0.11486264831596193,0.0
0.826875,0.10312078014860633,0.10581853428600874,0.0
0.828125,0.09482424189185854,0.09740873656511541,0.0
0.829375,0.08712352587923523,0.08959575574042619,0.0
0.8306250000000001,0.07998239067204725,0.0823437095192878,0.0
0.831875,0.07336622840538398,0.07561831368555601,0.0
0.833125,0.06724203996298844,0.06938685839765449,0.0
0.834375,0.06157840586055334,0.06361818031946956,0.0
0.8356250000000001,0.05634545333300095,0.05828263105742237,0.0
0.836875,0.05151482009547083,0.05335204235784762,0.0
0.838125,0.04705961523009125,0.048799688498381316,0.0
0.839375,0.04295437762618921,0.04460024628566608,0.0
0.8406250000000001,0.03917503238159452,0.04072975304955036,0.0
0.841875,0.035698845543742884,0.037165563001305066,0.0
0.843125,0.03250437755265108,0.033886302300411085,0.0
0.844375,0.029571435713625385,0.0308718231513699,0.0
0.8456250000000001,0.02688102601679888,0.028103157228930892,0.0
0.846875,0.024415304580065803,0.02556246870726734,0.0
0.848125,0.022157528986490073,0.023233007146112213,0.0
0.849375,0.020092009747169445,0.021099060464808448,0.0
0.850625,0.01820406211109509,0.019145908213748803,0.0
0.851875,0.016479958414779724,0.017359775331873172,0.0
0.853125,0.014906881142595238,0.015727786558839628,0.0
0.854375,0.013472876857872348,0.014237921651257465,0.0
0.855625,0.012166811129697272,0.012878971534023169,0.0
0.856875,0.01097832458057803,0.011640495500377365,0.0
0.858125,0.009897790146183444,0.01051277955783502,0.0
0.859375,0.00891627163524949,0.009486796001655444,0.0
0.860625,0.008025483652560424,0.008554164283025193,0.0
0.8618750000000001,0.007217752942582977,0.00770711322562983,0.0
0.863125,0.006485981190184435,0.0069384446317856405,0.0
0.864375,0.005823609309795249,0.006241498307778242,0.0
0.865625,0.005224583239039021,0.00561011852749402,0.0
0.8668750000000001,0.004683321243554027,0.005038621943808962,0.0
0.868125,0.0041946827334884106,0.004521766948489695,0.0
0.869375,0.0037539385808702734,0.004054724473530895,0.0
0.870625,0.0033567429193292948,0.003633050219866054,0.0
0.8718750000000001,0.00299910640720209,0.00325265829320628,0.0
0.873125,0.002677370920898794,0.0029097962213436982,0.0
0.874375,0.002388185648225305,0.002601021322559703,0.0
0.875625,0.0021284845417590135,0.00232317839076053,0.0
0.8768750000000001,0.0018954650943625974,0.0020733786595791876,0.0
0.878125,0.0016865683893219124,0.0018489800048897176,0.0
0.879375,0.0014994603828388307,0.0016475683429328953,0.0
0.880625,0.0013320143685975892,0.0014669401795086297,0.0
0.881875,0.0011822945780538036,0.0013050862644067589,0.0
0.883125,0.0010485408640184934,0.0011601763043833939,0.0
0.884375,0.000929154421050553,0.001030544687504317,0.0
0.885625,0.0008226844889153271,0.0009146771715316625,0.0
0.886875,0.0007278159937291114,0.0008111984891884154,0.0
0.888125,0.0006433580732535692,0.0007188608235620642,0.0
0.889375,0.0005682334424141276,0.0006365331075709706,0.0
0.890625,0.000501468547373682,0.0005631911022834489,0.0
0.891875,0.00044218446651812267,0.0004979082099210506,0.0
0.8931250000000001,0.00038958851007367233,0.0004398469785669276,0.0
0.894375,0.0003429664768519179,0.0003882512569122667,0.0
0.895625,0.00030167552599858773,0.0003424389587854895,0.0
0.896875,0.00026513762376362846,0.000301795398698926,0.0
0.8981250000000001,0.00023283352586568517,0.0002657671611967203,0.0
0.899375,0.00020429726128017966,0.00023385646837828744,0.0
0.900625,0.0001791110784379211,0.000205616011587979,0.0
0.901875,0.00015690082505966625,0.00018064421488968419,0.0
0.9031250000000001,0.00013733172655599338,0.0001585808995724361,0.0
0.904375,0.00012010453532444549,0.00013910332054875715,0.0
0.905625,0.00010495202175321043,0.000121922547101939,0.0
0.906875,9.163578092333676e-05,0.00010678016200349228,0.0
0.9081250000000001,7.994333017651702e-05,9.344525455065083e-05,0.0
0.909375,6.96854743071522e-05,8.171168456022013e-05,0.0
0.910625,6.0693916036099333e-05,7.139559579442025e-05,0.0
0.911875,5.281909226002651e-05,6.233315868284204e-05,0.0
0.913125,4.592821650061529e-05,5.437852353922453e-05,0.0
0.914375,3.9903510399279685e-05,4.740196675026703e-05,0.0
0.915625,3.4640607517786464e-05,4.128821363460945e-05,0.0
0.916875,3.0047114434731665e-05,3.593492283256617e-05,0.0
0.918125,2.6041315372618774e-05,3.125131819085429e-05,0.0
0.919375,2.2551006867216395e-05,2.7156955151568738e-05,0.0
0.920625,1.9512451204179327e-05,2.358060964159591e-05,0.0
0.921875,1.686943741725051e-05,2.04592783884582e-05,0.0
0.923125,1.457243891887955e-05,1.7737280462478677e-05,0.0
0.9243750000000001,1.2577860016118204e-05,1.5365450664642448e-05,0.0
0.925625,1.0847362457809534e-05,1.3300416146308163e-05,0.0
0.926875,9.347262121607518e-06,1.1503948362859492e-05,0.0
0.928125,8.047992382211549e-06,9.942383130479029e-06,0.0
0.9293750000000001,6.9236255835881715e-06,8.586102175570334e-06,0.0
0.930625,5.951445490520613e-06,7.40907014210701e-06,0.0
0.931875,5.11156899018936e-06,6.388421555549908e-06,0.0
0.933125,4.386608397379703e-06,5.504092735158923e-06,0.0
0.9343750000000001,3.7613727723520633e-06,4.738494101744881e-06,0.0
0.935625,3.2226027176779845e-06,4.0762187473476956e-06,0.0
0.936875,2.758735195460206e-06,3.5037835191409737e-06,0.0
0.938125,2.359696566492617e-06,3.0093992241524105e-06,0.0
0.9393750000000001,2.0167180409501896e-06,2.5827668861966116e-06,0.0
0.940625,1.722174024817017e-06,2.2148972837168852e-06,0.0
0.941875,1.4694398343046847e-06,1.8979512689253635e-06,0.0
0.943125,1.2527645588119017e-06,1.6250986165375953e-06,0.0
0.944375,1.067161078389754e-06,1.3903933762561823e-06,0.0
0.945625,9.083083937186721e-07,1.1886639086208888e-06,0.0
0.946875,7.724664069366747e-07,1.015415970476061e-06,0.0
0.948125,6.564001789519757e-07,8.667473855895007e-07,0.0
0.949375,5.573149774932817e-07,7.392729892832878e-07,0.0
0.950625,4.72797965615823e-07,6.300586746145736e-07,0.0
0.951875,4.007683291179426e-07,5.365634928979265e-07,0.0
0.953125,3.394329376710646e-07,4.565888743343667e-07,0.0
0.954375,2.872483005467389e-07,3.8823413627138406e-07,0.0
0.9556250000000001,2.4288674179983374e-07,3.2985753815327604e-07,0.0
0.956875,2.052074866210417e-07,2.8004222445018746e-07,0.0
0.958125,1.7323086040311597e-07,2.3756647062653808e-07,0.0
0.959375,1.4611684560523075e-07,2.0137771330901655e-07,0.0
0.9606250000000001,1.2314536790260595e-07,1.7056990496302659e-07,0.0
0.961875,1.0370004090641579e-07,1.443637862480826e-07,0.0
0.963125,8.725343265444063e-08,1.2208971640604515e-07,0.0
0.964375,7.335489144391803e-08,1.031727440987159e-07,0.0
0.9656250000000001,6.161947840670224e-08,8.711963856265703e-08,0.0
0.966875,5.171911356947825e-08,7.35076342538927e-08,0.0
0.968125,4.337358357107308e-08,6.197467173657674e-08,0.0
0.969375,3.634493877871547e-08,5.221094381242721e-08,0.0
0.9706250000000001,3.043016111908883e-08,4.3951579140795196e-08,0.0
0.971875,2.5457082965462534e-08,3.697031617885145e-08,0.0
0.973125,2.127913011089418e-08,3.107403846352922e-08,0.0
0.974375,1.777234739784696e-08,2.6098058319775467e-08,0.0
0.9756250000000001,1.4831248433882203e-08,2.1902050246137702e-08,0.0
0.976875,1.2366671278117455e-08,1.8366547708290207e-08,0.0
0.978125,1.030308075642312e-08,1.538992805210804e-08,0.0
0.979375,8.576977519123472e-09,1.2885819899327913e-08,0.0
0.980625,7.134062013389464e-09,1.0780875862121534e-08,0.0
0.981875,5.928957797623709e-09,9.012860843541439e-09,0.0
0.983125,4.923482256332224e-09,7.52901269983473e-09,0.0
0.984375,4.085124829223475e-09,6.2846377360648075e-09,0.0
0.985625,3.386701154180514e-09,5.2419084845951645e-09,0.0
0.9868750000000001,2.805384667594847e-09,4.368835562590766e-09,0.0
0.988125,2.322014890314654e-09,3.638389196962302e-09,0.0
0.989375,1.920267370789273e-09,3.027749316502947e-09,0.0
0.990625,1.5867920278773104e-09,2.517666032126059e-09,0.0
0.9918750000000001,1.3100372369647363e-09,2.0919150725149485e-09,0.0
0.993125,1.0808032012024925e-09,1.7368362124045568e-09,0.0
0.994375,8.907893520054847e-10,1.4409514238685769e-09,0.0
0.995625,7.337702629347866e-10,1.1946967600876611e-09,0.0
0.9968750000000001,6.03728021766049e-10,9.904898241048327e-10,0.0
0.998125,4.965123442068154e-10,8.243301238569832e-10,0.0
0.999375,4.078346031545533e-10,7.052176829768264e-10,0.0
