step,ftcs,cn
0,0.4472135954999579,0.4472135954999579
1,0.44810713004816155,0.447213595499958
2,0.449070150421958,0.44721359549995804
3,0.450110741929139,0.44721359549995804
4,0.45123801258315993,0.4472135954999581
5,0.45246222313028517,0.4472135954999581
6,0.45379493254535136,0.44721359549995815
7,0.45524916045462754,0.44721359549995815
8,0.45683956796611297,0.4472135954999582
9,0.4585826583704001,0.44721359549995826
10,0.4604969991060731,0.44721359549995826
11,0.4626034662475742,0.4472135954999583
12,0.464925512553845,0.4472135954999583
13,0.4674894597949994,0.4472135954999583
14,0.4703248156339208,0.44721359549995837
15,0.4734646147638879,0.44721359549995837
16,0.47694578328026915,0.4472135954999584
17,0.48080952438990654,0.4472135954999584
18,0.48510172254403355,0.4472135954999584
19,0.4898733619446736,0.4472135954999585
20,0.49518095416830316,0.4472135954999585
21,0.501086968449679,0.44721359549995854
22,0.5076602570796517,0.44721359549995854
23,0.5149764675311995,0.4472135954999586
24,0.5231184325016359,0.44721359549995865
25,0.5321765292239756,0.4472135954999586
26,0.5422490003289897,0.4472135954999587
27,0.5534422303699115,0.4472135954999587
28,0.5658709749251962,0.4472135954999587
29,0.5796585429409239,0.4472135954999587
30,0.5949369375047564,0.4472135954999587
31,0.6118469652597494,0.4472135954999588
32,0.6305383297443865,0.44721359549995887
33,0.6511697285758977,0.44721359549995887
34,0.6739089780515831,0.44721359549995887
35,0.6989331909697508,0.447213595499959
36,0.7264290339620233,0.447213595499959
37,0.7565930892915085,0.447213595499959
38,0.789632343057523,0.447213595499959
39,0.8257648174297764,0.4472135954999591
40,0.8652203594454396,0.4472135954999591
41,0.9082415936430196,0.44721359549995915
42,0.9550850409516514,0.44721359549995915
43,1.0060224022675408,0.4472135954999592
44,1.0613420023326603,0.44721359549995926
45,1.1213503880073825,0.44721359549995926
46,1.1863740747589862,0.44721359549995937
47,1.2567614360089086,0.44721359549995937
48,1.3328847316562094,0.4472135954999594
49,1.4151422743598625,0.4472135954999594
50,1.5039607347681458,0.4472135954999595
51,1.5997975896183083,0.4472135954999595
52,1.703143719334569,0.44721359549995954
53,1.8145261643220443,0.44721359549995954
54,1.934511051531871,0.44721359549995965
55,2.063706705041595,0.44721359549995965
56,2.202766956366588,0.44721359549995965
57,2.352394672023545,0.44721359549995965
58,2.513345517547027,0.44721359549995965
59,2.686431978759707,0.44721359549995954
60,2.8725276626613603,0.4472135954999592
61,3.072571901872541,0.4472135954999582
62,3.287574688184049,0.4472135954999556
63,3.5186219624556037,0.4472135954999489
64,3.766881289905233,0.4472135954999319
65,4.03360795175933,0.44721359549989026
66,4.32015148631373,0.4472135954997904
67,4.627962714707673,0.4472135954995559
68,4.95860128915269,0.4472135954990168
69,5.313743804003892,0.447213595497803
70,5.695192512928104,0.4472135954951254
71,6.104884698528102,0.44721359548933715
72,6.544902744141696,0.44721359547707074
73,7.01748496116635,0.4472135954515826
74,7.525037229183168,0.44721359539964145
75,8.070145510388647,0.44721359529580984
76,8.655589304410334,0.44721359509216374
77,9.28435611450691,0.4472135947002182
78,9.959657001459723,0.4472135939598497
79,10.68494330717875,0.44721359258706206
80,11.463924636201195,0.44721359008818146
81,12.30058818988772,0.4472135856221692
82,13.199219555253844,0.4472135777849088
83,14.164425058050526,0.4472135642794904
84,15.201155797967996,0.44721354142496955
85,16.314733492724965,0.4472135034437861
86,17.510878267367453,0.44721344145690883
87,18.79573853538928,0.44721334210904023
88,20.175923129353347,0.44721318574859575
89,21.658535850598653,0.44721294410495926
90,23.25121262042549,0.4472125774461352
91,24.962161428928148,0.4472120312710548
92,26.80020529246498,0.44721123269860985
93,28.774828446697374,0.44721008686215347
94,30.896226019278025,0.44720847379871215
95,33.17535744471533,0.4472062465208325
96,35.624003903783525,0.447203231146659
97,38.254830091192325,0.44719923009652407
98,41.08145063818977,0.4471940293850937
99,44.118501541469136,0.44718741088316627
100,47.38171697631741,0.44717917003344915
101,50.888011900520944,0.44716913884199994
102,54.6555708862859,0.4471572130346587
103,58.703943650503064,0.4471433811298388
104,63.054147789265905,0.44712775197499477
105,67.72877926083204,0.44711057624101097
106,72.75213120240686,0.44709225674475983
107,78.15032171045041,0.447073342574625
108,83.9514312619022,0.44705450308488065
109,90.18565050503793,0.4470364800396903
110,96.88543920388445,0.4470200194611122
111,104.08569717950344,0.4470057887383494
112,111.8239481552985,0.4469942886756237
113,120.14053748210554,0.44698577354817026
114,129.07884479251396,0.4469801939495628
115,138.68551271298375,0.44697717639465934
116,149.01069284727845,0.4469760497766958
117,160.10831033601275,0.4469759219230138
118,172.03634839531412,0.44697580043575347
119,184.85715434346037,0.446974742256616
120,198.63776873874318,0.4469720080168209
121,213.4502793756996,0.44696719244275507
122,229.37220202120332,0.44696030273520815
123,246.48688991755634,0.44695176384513213
124,264.8839742371728,0.44694234246634645
125,284.6598378427434,0.4469329983165608
126,305.91812488743636,0.4469246884661964
127,328.77028898087445,0.4469181639295982
128,353.33618284750327,0.44691380350685384
129,379.7446926144303,0.446911525354828
130,408.1344200873458,0.44691080169005204
131,438.6544166095863,0.44691077890885134
132,471.4649723573672,0.4469104793415457
133,506.7384652125635,0.44690903844932495
134,544.6602736826499,0.4469059189907271
135,585.4297587128825,0.4469010459659369
136,629.2613196602773,0.44689482383555296
137,676.3855301655097,0.446888027141693
138,727.0503601508309,0.4468815899345071
139,781.5224906651611,0.44687634889193373
140,840.0887287664573,0.44687281072938334
141,903.0575300604572,0.4468710106856975
142,970.7606369097954,0.4468705051801995
143,1043.5548407247645,0.4468705038727012
144,1121.82387721528,0.44687010491725354
145,1205.9804641121652,0.44686856474618136
146,1296.468491739419,0.4468655209304802
147,1393.7653779825723,0.4468610987136372
148,1498.384600621817,0.446855866259591
149,1610.8784215584924,0.4468506506251469
150,1731.840818953333,0.4468462713694684
151,1861.9106444774486,0.4468432767326972
152,2001.7750235719952,0.4468417683782381
153,2152.173016798174,0.4468413732258454
154,2313.8995602502423,0.4468413729539285
155,2487.8097030612885,0.4468409488222537
156,2674.8231608693727,0.44683945955144116
157,2875.92920630329,0.4468366573822977
158,3092.191921366631,0.44683276745874434
159,3324.755841790398,0.44682840235840626
160,3574.8520291120335,0.4468243412358759
161,3843.8046110701866,0.4468212514029882
162,4133.037833461565,0.446819451583296
163,4444.083666000288,0.44681880203290664
164,4778.5900011808935,0.4468187614142559
165,5138.329480335335,0.446818589644025
166,5525.2089778807485,0.4468176220403966
167,5941.279776468467,0.44681551322183427
168,6388.748474752407,0.44681235999626595
169,6869.988685914392,0.44680865757616417
170,7387.553605933252,0.44680510635692494
171,7944.189550058124,0.4468023434676248
172,8542.850567065345,0.4468007023174041
173,9186.71423824059,0.44680009271325194
174,9879.198750781301,0.4468000473336588
175,10623.981309057328,0.44679991521227697
176,11425.017923536556,0.4467991248460948
177,12286.564610533387,0.44679741170771897
178,13213.200057689783,0.4467949188015734
179,14209.84986258717,0.4467921294518822
180,15281.812524444224,0.4467896589066024
181,16434.78743865705,0.4467879886232705
182,17674.905182788734,0.44678725097836736
183,19008.76036836107,0.4467871525623911
184,20443.447261492263,0.4467870687586856
185,21986.598268699527,0.4467862733396992
186,23646.425286911694,0.446784212510892
187,25431.7638829867,0.4467807154923607
188,27352.120338482575,0.4467760604231041
189,29417.72177433871,0.4467708738476429
190,31639.569812696096,0.44676590931312
191,34029.49845247251,0.4467617974154391
192,36600.23693169352,0.4467588664655064
193,39365.47825394239,0.44675709744956876
194,42339.95377207912,0.4467562151106164
195,45539.513844375535,0.4467558562997209
196,48981.21427284709,0.4467557243313764
197,52683.408179135324,0.4467556486116183
198,56665.84327765528,0.446755517857948
199,60949.76513503689,0.44675512087126207
200,65558.0277613248,0.4467539810560682
201,70515.21345138241,0.44675128486816723
202,75847.76388139787,0.44674597166331537
203,81584.12391914356,0.44673698526778477
204,87754.89855155845,0.44672361409480066
205,94393.02217448155,0.44670579878213273
206,101533.93878968492,0.44668428606389526
207,109215.79189986132,0.4466605570308806
208,117479.62423413218,0.4466365381318864
209,126369.58953021948,0.4466141820981906
210,135933.1806460175,0.44659505175062253
211,146221.47929824714,0.4465800345803383
212,157289.43201584587,0.4465692635831084
213,169196.15441875957,0.44656224296949604
214,182005.26252638188,0.4465581080197117
215,195785.2269733103,0.44655591342562967
216,210609.7453610324,0.44655485445346954
217,226558.1304141699,0.44655437061103737
218,243715.71673944025,0.44655413820797024
219,262174.29497090244,0.4465539997321334
220,282032.5862263574,0.44655388777837335
221,303396.7696756073,0.44655377993055306
222,326381.07077547215,0.4465536847599317
223,351108.4088785583,0.4465536307218487
224,377711.094173629,0.44655362625936273
225,406331.5598002718,0.4465535830701498
226,437123.1187740002,0.4465532312596973
227,470250.7471154865,0.44655208198621554
228,505891.9103457812,0.4465494905243038
229,544237.4633899585,0.4465448353535895
230,585492.6569032682,0.44653777074832335
231,629878.2725052731,0.44652845888159404
232,677631.8878515759,0.4465176709895989
233,729009.2485692601,0.44650668046578285
234,784285.7097079521,0.44649694622277153
235,843757.7142369989,0.4464896734528858
236,907744.3023390673,0.44648540260451547
237,976588.6844475807,0.44648378496418145
238,1050659.9462572052,0.44648364595043655
239,1130354.9666533528,0.44648333416508756
240,1216100.608483033,0.4464812454745189
241,1308356.1910863414,0.44647634132703695
242,1407616.1926283315,0.4464684787889361
243,1514413.0892003698,0.4464584382410947
244,1629320.2424134219,0.4464476463180313
245,1752954.805816455,0.4464377020291855
246,1885980.7148401476,0.44642987989503913
247,2029111.9144997683,0.44642478136914027
248,2183116.0169109814,0.44642223936688485
249,2348818.5366907367,0.44642148043067525
250,2527107.7326306556,0.44642145662550875
251,2718939.9356196243,0.44642120990165485
252,2925345.137796993,0.44642013992873614
253,3147432.6213098345,0.44641810194441933
254,3386396.5390371038,0.4464153356133244
255,3643521.5828259587,0.4464122869180857
256,3920189.0902301306,0.4464094106272298
257,4217884.035087061,0.44640702715868974
258,4538203.246947265,0.4464052681815961
259,4882864.922871563,0.4464041020960262
260,5253719.144344362,0.4464034027694573
261,5652758.864012991,0.4464030206010478
262,6082130.8355177,0.4464028293879986
263,6544146.275387952,0.4464027430744619
264,7041291.567677383,0.44640271109746776
265,7576239.818607332,0.4464027043498285
266,8151864.274454981,0.44640269875358674
267,8771254.365211181,0.4464026577518755
268,9437734.471610148,0.4464025148970871
269,10154884.705541715,0.4464021633303596
270,10926562.446856527,0.44640146437485206
271,11756923.440401813,0.4464002850543397
272,12650442.020412656,0.44639856085535695
273,13611931.234853279,0.44639636040830166
274,14646564.741044905,0.44639391466943606
275,15759902.732927496,0.4463915767089738
276,16957923.49442974,0.4463897037643812
277,18247060.602883585,0.4463884927155889
278,19634243.996606097,0.44638783484538247
279,21126941.99923403,0.446387264875673
280,22733201.704878166,0.4463860514266956
281,24461686.998009358,0.4463834174673608
282,26321716.224263888,0.44637881378412875
283,28323303.851817742,0.44637212771948787
284,30477211.04520624,0.4463637178745947
285,32795008.267978948,0.4463542267637633
286,35289149.35074177,0.44634421569421806
287,37973052.533324555,0.4463337496849879
288,40861181.895290285,0.4463220947742793
289,43969123.82956557,0.4463076542676517
290,47313657.78606999,0.44628817406775534
291,50912826.611680835,0.4462611290984842
292,54786016.45631474,0.4462241150042829
293,58954056.624926135,0.44617505344577635
294,63439344.90877354,0.44611208679576614
295,68265995.45730053,0.44603316311399227
296,73459998.07080549,0.44593544217284775
297,79049374.42191471,0.44581473117293535
298,85064320.93257666,0.44566514933415113
299,91537339.03941138,0.44547912658888283
300,98503366.72581545,0.4452477035835471
