x,original_t0,original_t1,original_t2,original_t3,corrected_t0,corrected_t1,corrected_t2,corrected_t3
0.0,1.9287498479639315e-22,0.0,0.0,0.0,1.9287498479639315e-22,0.0,0.0,0.0
0.005,5.216736662027112e-22,2.065487313915855e-08,0.0004920850704940422,0.030357131296909343,5.216736662027112e-22,2.4350156608025135e-18,1.2213104044284281e-17,7.969464206893015e-18
0.01,1.3969439431471188e-21,3.958693990105565e-08,0.0008483863768259992,0.05011481034579804,1.3969439431471188e-21,6.781747340058157e-18,3.268028674039552e-17,2.0996264423619655e-17
0.015,3.703531977652397e-21,6.333964288870364e-08,0.0011663485575958792,0.06448775107479664,3.703531977652397e-21,1.4814168418652516e-17,6.706696380010281e-17,4.202689300302372e-17
0.02,9.72098502030085e-21,9.711369930976412e-08,0.0014981479004549326,0.07629293519807501,9.72098502030085e-21,2.987154823247122e-17,1.2486010054933996e-16,7.569206823832108e-17
0.025,2.5261637809257106e-20,1.4678035027132405e-07,0.0018749230815746586,0.08705072864880911,2.5261637809257106e-20,5.820631133545675e-17,2.2187960532599146e-16,1.2924816713881265e-16
0.03,6.499347972070986e-20,2.201874288825412e-07,0.002318629149261458,0.09758133171497602,6.499347972070986e-20,1.1146121265271802e-16,3.8439703591373915e-16,2.1403196975934503e-16
0.035,1.655522662098798e-19,3.283889656146284e-07,0.002847868241312018,0.10832675121351606,1.655522662098798e-19,2.1119503544795988e-16,6.558621884011393e-16,3.4770135728359796e-16
0.04,4.175010055850544e-19,4.871231295620093e-07,0.003480800224866284,0.1195239475593835,4.175010055850544e-19,3.9710178653209317e-16,1.1078429751648993e-15,5.576754690755147e-16
0.045,1.0424061783901673e-18,7.187656472544519e-07,0.00423664159368473,0.13129753958642637,1.0424061783901673e-18,7.41848991054065e-16,1.857743215363299e-15,8.863993588945918e-16
0.05,2.576757109154999e-18,1.054978387644572e-06,0.00513648121655536,0.14370917165396574,2.576757109154999e-18,1.3777060680197552e-15,3.0973773743092662e-15,1.3993747591118655e-15
0.055,6.306189893986447e-18,1.540309674540842e-06,0.006203761536213342,0.15678361758607662,6.306189893986447e-18,2.5440456578495017e-15,5.138861494802851e-15,2.1973706789165594e-15
0.06,1.5279799682873156e-17,2.2370675005696394e-06,0.007464589095114569,0.1705224523454321,1.5279799682873156e-17,4.6715725534594854e-15,8.488003659595472e-15,3.4349292172466003e-15
0.065,3.665433395601071e-17,3.231874493095856e-06,0.008947948568581707,0.1849111203991916,3.665433395601071e-17,8.530782222399401e-15,1.3961177695799695e-14,5.348321135999575e-15
0.07,8.705426622296312e-17,4.6444244019084935e-06,0.01068585088246548,0.19992253123556694,8.705426622296312e-17,1.549205516078661e-14,2.2870656988783906e-14,8.297639395433297e-15
0.075,2.0469717131642334e-16,6.639096159837138e-06,0.01271342470385543,0.21551886089923622,2.0469717131642334e-16,2.7978587991226702e-14,3.731726504487694e-14,1.2829974388606842e-14
0.08,4.765304735299156e-16,9.440245967846967e-06,0.015068950127805675,0.23165245962207684,4.765304735299156e-16,5.0250368232792207e-14,6.065052294175567e-14,1.9773920164029503e-14
0.085,1.098314129828605e-15,1.3352193059301967e-05,0.01779382822530133,0.2482663486475693,1.098314129828605e-15,8.97529318824112e-14,9.818908243392244e-14,3.0380488249510216e-14
0.09,2.5062218871452745e-15,1.8785142873572406e-05,0.020932477648116787,0.2652945662592013,2.5062218871452745e-15,1.5942368855322203e-13,1.5834386940376079e-13,4.653253045112543e-14
0.095,5.6619955169489504e-15,2.6288553228427522e-05,0.024532148481546397,0.2826625034422169,5.6619955169489504e-15,2.8161163884276645e-13,2.543615662741743e-13,7.105495824383938e-14
0.1,1.2664165549094176e-14,3.659374385797128e-05,0.028642643441983546,0.30028730504883566,1.2664165549094176e-14,4.94698458751588e-13,4.070194734112302e-13,1.0817276435346127e-13
0.105,2.804404738222797e-14,5.066787401533745e-05,0.033315937095306974,0.31807837688460283,2.804404738222797e-14,8.642141787739343e-13,6.487730193153134e-13,1.6418504201914827e-13
0.11,6.148396412704778e-14,6.978176004547357e-05,0.03860568493178357,0.3359380189955997,6.148396412704778e-14,1.5013839205180219e-12,1.0301115015290401e-12,2.4845359572517353e-13
0.115,1.3345660848219987e-13,9.559436400979723e-05,0.044566615843207556,0.35376219331355724,1.3345660848219987e-13,2.5938828820951917e-12,1.629255770392222e-12,3.7484818861290727e-13
0.12,2.867975008888108e-13,0.00013025713952035788,0.05125380379772642,0.37144142587756535,2.867975008888108e-13,4.4565204327833385e-12,2.566891129369845e-12,5.638523569422552e-13
0.125,6.101936677605367e-13,0.00017654174975042475,0.05872181728511724,0.388861838114083,6.101936677605367e-13,7.614249531424755e-12,4.028452817777611e-12,8.456215413371931e-13
0.13,1.2853372251336594e-12,0.00023799494604578083,0.06702374838478423,0.40590629712034276,1.2853372251336594e-12,1.2937272413738163e-11,6.297689293184378e-12,1.2644094522403572e-12
0.135,2.680547637312626e-12,0.0003191245770494702,0.0762101270451713,0.4224556710789461,2.680547637312626e-12,2.1859565648359357e-11,9.806990301297747e-12,1.8849535049710497e-12
0.14,5.534610071701053e-12,0.00042562074335644425,0.08632773028773935,0.43839017262583596,5.534610071701053e-12,3.6730117443096254e-11,1.5212523956888075e-11,2.8016556648719884e-12
0.145,1.1313776200065368e-11,0.0005646159694490017,0.09741830046686908,0.45359077013394394,1.1313776200065368e-11,6.137392642124729e-11,2.35059207864402e-11,4.151738347365678e-12
0.15,2.289734845645569e-11,0.0007449878743694156,0.10951719130919929,0.4679406444653674,2.289734845645569e-11,1.01982380371546e-10,3.6179551745929864e-11,6.134033298544801e-12
0.155,4.5879624871393245e-11,0.0009777071216514291,0.122651965078011,0.4813266668226891,4.5879624871393245e-11,1.6851745497275442e-10,5.5470040266050877e-11,9.035725221808135e-12
0.16,9.101470764488032e-11,0.0012762323516023375,0.13684096869506107,0.49364087194209,9.101470764488032e-11,2.769121671629371e-10,8.471545383406248e-11,1.3270289851187149e-11
0.165,1.7875588711280003e-10,0.001656952280815895,0.15209192082162187,0.50478190006232,1.7875588711280003e-10,4.524967853729621e-10,1.2887692038121195e-10,1.9431130675605595e-11
0.17,3.475891281239959e-10,0.002139673137067797,0.16840054555925435,0.5146563809099548,3.475891281239959e-10,7.352993929272602e-10,1.9529696852572174e-10,2.836715383351074e-11
0.17500000000000002,6.691586091292853e-10,0.002748147037450751,0.18574929138204255,0.5231802333842887,6.691586091292853e-10,1.188193374818243e-09,2.9479710012791863e-10,4.128889303928232e-11
0.18,1.2754076295260487e-09,0.00351063378854664,0.20410617596311498,0.5302798557095878,1.2754076295260487e-09,1.9093398633046136e-09,4.432592269068217e-10,5.991702717849073e-11
0.185,2.406722436301052e-09,0.004460484892202311,0.22342379853027516,0.5358931825349751,2.406722436301052e-09,3.0510656749339494e-09,6.63894033995221e-10,8.66895160571417e-11
0.19,4.49634946228087e-09,0.005636734317771767,0.24363856112252624,0.539970587771095,4.49634946228087e-09,4.848318114168318e-09,9.904799615810628e-10,1.2504950242753167e-10
0.195,8.316702456828362e-09,0.007084675934443048,0.2646701384978382,0.5424756148077968,8.316702456828362e-09,7.661273233458327e-09,1.4719671656925283e-09,1.7984410049072064e-10
0.2,1.5229979744712682e-08,0.008856402519876082,0.28642123338084097,0.5433855190913093,1.5229979744712682e-08,1.2038715982030433e-08,2.1789919132864214e-09,2.578748794931543e-10
0.20500000000000002,2.7612424568280544e-08,0.011011276165175034,0.3087776492048771,0.5426916117703863,2.7612424568280544e-08,1.8811692241405026e-08,3.2130520379541704e-09,3.686551244597342e-10
0.21,4.956405319172498e-08,0.013616294932282613,0.33160870651950036,0.540399397153632,4.956405319172498e-08,2.9230966204545845e-08,4.719371165204384e-09,5.254479407521346e-10
0.215,8.808179196460557e-08,0.016746316098174417,0.3547680218856617,0.5365285009497311,8.808179196460557e-08,4.516741549565139e-08,6.904851549219866e-09,7.466844182353751e-10
0.22,1.5497531357028967e-07,0.02048409260414829,0.3780946595120598,0.5311123905772107,1.5497531357028967e-07,6.940220267676694e-08,1.0063012358128284e-08,1.0578942505687635e-09
0.225,2.699578503363014e-07,0.024920076824093397,0.40141465630396866,0.5241978931162918,2.699578503363014e-07,1.0604407685168139e-07,1.460847023671032e-08,1.494324800320703e-09
0.23,4.6557157157830946e-07,0.030151944904900006,0.42454291066381805,0.515844520618776,4.6557157157830946e-07,1.611253799615614e-07,2.1124390384581135e-08,2.1044816436494402e-09
0.23500000000000001,7.949393615349141e-07,0.036283796150418615,0.44728541461436067,0.5061236163836605,7.949393615349141e-07,2.434473909758663e-07,3.0427480225597775e-08,2.954897955514471e-09
0.24,1.3438122776315214e-06,0.04342498562775009,0.46944179796391466,0.49511733934508373,1.3438122776315214e-06,3.6577094570867495e-07,4.36565902777781e-08,4.1365365360293616e-09
0.245,2.2490559670323505e-06,0.051688554722976704,0.490808142679828,0.48291750681533474,2.2490559670323505e-06,5.464815456127355e-07,6.239292261337801e-08,5.773352875128273e-09
0.25,3.7266531720786777e-06,0.06118923401973892,0.5111800157746117,0.4696243184029842,3.7266531720786777e-06,8.119014937455797e-07,8.88223425322209e-08,8.033707932317067e-09
0.255,6.113567966371424e-06,0.07204100574288361,0.5303556602291075,0.4553449859249833,6.113567966371424e-06,1.1994774267076911e-06,1.2595348528322413e-07,1.1145524589757636e-08
0.26,9.9295043058511e-06,0.08435422905677055,0.5481392761479054,0.4401922955099814,9.9295043058511e-06,1.7621427899251623e-06,1.7790941756658313e-07,1.5416343492947113e-08
0.265,1.59667838978048e-05,0.0982323504898198,0.5643443187954073,0.4242831288252865,1.59667838978048e-05,2.574244537077822e-06,2.5031575693563894e-07,2.1259766264912983e-08
0.27,2.541934651619934e-05,0.11376824320642441,0.5787967366738536,0.4077369704482103,2.541934651619934e-05,3.7395351328234443e-06,3.508146117422904e-07,2.9230193947221006e-08
0.275,4.006529739295121e-05,0.13104024206245207,0.5913380715861287,0.39067442785935225,4.006529739295121e-05,5.401868497855603e-06,4.897417607148418e-07,4.0068296630047856e-08
0.28,6.252150377482048e-05,0.15010796542725252,0.6018283438046652,0.3732157893939337,6.252150377482048e-05,7.759405551737368e-06,6.810144679658728e-07,5.476031137678142e-08
0.28500000000000003,9.659341372218435e-05,0.1710080384875058,0.6101486490827488,0.3554796437972109,9.659341372218435e-05,1.1083334897927968e-05,9.432895931698951e-07,7.461508929513618e-08
0.29,0.00014774836023203364,0.19374985484727966,0.6162034002416285,0.3375815828550738,0.00014774836023203364,1.5742349710318805e-05,1.3014666174961592e-06,1.0136383396993277e-07
0.295,0.00022374579372062055,0.21831153226951433,0.6199221542975409,0.31963300598666883,0.00022374579372062055,2.2234394606476687e-05,1.7886283123284255e-06,1.3728873360029584e-07
0.3,0.00033546262790251185,0.2446362328913128,0.6212609763181272,0.3017400427765954,0.00033546262790251185,3.1227506008141716e-05,2.448533510274301e-06,1.8538823604776975e-07
0.305,0.0004979554215032739,0.2726290267623061,0.6202033030965957,0.28400260627998924,0.0004979554215032739,4.361191339212273e-05,3.3388022966809467e-06,2.495886050542294e-07
0.31,0.0007318024188804734,0.3021544788237165,0.616760282913354,0.2665135866473882,0.0007318024188804734,6.056594063979839e-05,4.534964427191659e-06,3.3501369064537227e-07
0.315,0.0010647662366679224,0.33303513243885263,0.6109705816730587,0.24935819128002462,0.0010647662366679224,8.363863562779557e-05,6.135577372769966e-06,4.483276192312015e-07
0.32,0.0015338106793244659,0.36505104662801613,0.6028996600787472,0.2326134344291174,0.0015338106793244659,0.00011485244593810669,8.268661523110173e-06,5.981684399625604e-07
0.325,0.002187491118182889,0.397940519015593,0.5926385407364803,0.21634777597795757,0.002187491118182889,0.0001568296261604348,1.1099747070873644e-05,7.956947430809753e-07
0.33,0.003088715408236777,0.43140209243493643,0.5803020976816003,0.20062090616789327,0.003088715408236777,0.00021294637719694278,1.4841880132935265e-05,1.055271991267419e-06
0.335,0.004317840007633089,0.46509790097587245,0.5660269133151209,0.18548367031344154,0.004317840007633089,0.000287518941434583,1.9767994710568514e-05,1.3953308818295465e-06
0.34,0.005976022895005958,0.49865836237352806,0.5499687587151915,0.17097812515082605,0.005976022895005958,0.0003860259621256479,2.6226121834739074e-05,1.8394365974856228e-06
0.34500000000000003,0.008188701014374104,0.5316881699232902,0.5322997623862115,0.15713771641893373,0.008188701014374104,0.0005153713048278695,3.465797700564822e-05,2.4176154218517826e-06
0.35000000000000003,0.011108996538242346,0.5637734809168921,0.5132053394462002,0.14398756560971518,0.011108996538242346,0.0006841911697467628,4.562154067956961e-05,3.1679940085752796e-06
0.355,0.014920786069067842,0.5944901426271226,0.49288095783831454,0.13154485256126694,0.014920786069067842,0.0009032086270158213,5.981832238686485e-05,4.138816712985992e-06
0.36,0.019841094744370288,0.6234127440267807,0.4715288202856548,0.11981927970361235,0.019841094744370288,0.0011856376102870264,7.812607473169826e-05,5.390917925943622e-06
0.365,0.026121409853918247,0.6501242346529559,0.44935454038626343,0.10881360329535057,0.026121409853918247,0.0015476368368337453,0.000101637795919303,7.00073937946771e-06
0.37,0.034047454734599344,0.6742258141185037,0.42656388855728683,0.098524216889294,0.034047454734599344,0.0020088120209423195,0.00013170792462748263,9.063996987210333e-06
0.375,0.043936933623407434,0.6953467691983153,0.40335967866001365,0.08894177250844162,0.043936933623407434,0.0025927620616289526,0.00017000668411258263,1.170011797074828e-05
0.38,0.05613476283413375,0.7131539221456704,0.3799388593234768,0.0800518255643031,0.05613476283413375,0.003327661587228386,0.00021858356757677416,1.5057586790882799e-05
0.385,0.07100535373963704,0.7273603552382307,0.356489865548712,0.07183549036629976,0.07100535373963704,0.004246868330129022,0.0002799409672064498,1.9320357679362306e-05
0.39,0.08892161745938643,0.737733093062759,0.33319027648079186,0.06427009410854996,0.08892161745938643,0.005389539326419927,0.0003571189271659046,2.4715512205625742e-05
0.395,0.11025052530448537,0.7440994554386084,0.31020481467327565,0.05732981843157355,0.11025052530448537,0.006801234977503496,0.0004537919376035212,3.152236208142403e-05
0.4,0.13533528323661287,0.7463518390227252,0.2876837111437001,0.05098631899374449,0.13533528323661287,0.008534484720186348,0.0005743785731431626,4.0083219963718425e-05
0.405,0.16447445657715512,0.7444507426012429,0.265761449427858,0.04520931490421372,0.16447445657715512,0.010649282636923243,0.000724164605731479,5.081608389962646e-05
0.41000000000000003,0.19789869908361496,0.7384259172186364,0.24455589106218975,0.03996714132152522,0.19789869908361496,0.013213476072189333,0.000909439978383441,6.422950366151775e-05
0.41500000000000004,0.23574607655586388,0.7283755944326683,0.22416777479933514,0.03522725996981837,0.23574607655586388,0.016303005541322857,0.0011376497040117193,8.093991878233973e-05
0.42,0.2780373004531941,0.7144638205514431,0.20468057268620615,0.03095672373135957,0.2780373004531941,0.020001950318463767,0.0014175583438046735,0.00010169177768379258
0.425,0.32465246735834974,0.6969159979930474,0.18616067814512566,0.027122592809250872,0.32465246735834974,0.024402331508643776,0.0017594272158212335,0.00012738076376972465
0.43,0.37531109885139957,0.676012803265611,0.1686578945731444,0.023692301192066976,0.37531109885139957,0.029603623609244525,0.002175202882258009,0.000159080466416121
0.435,0.42955735821073915,0.6520827111461349,0.1522061878247658,0.02063397327304089,0.42955735821073915,0.035711927011301395,0.00267871476205924,0.00019807284091201869
0.44,0.48675225595997174,0.6254934035835826,0.1368246623173663,0.01791669146601327,0.48675225595997174,0.04283875801300339,0.0032858789170692464,0.00024588279988446883
0.445,0.5460744266397095,0.5966423774684649,0.12251871838454811,0.015510716509795519,0.5460744266397095,0.05109942007931595,0.004014904172552428,0.00030431726768771723
0.45,0.6065306597126336,0.5659470862794218,0.10928134783370323,0.013387662857979689,0.6065306597126336,0.06061093053790019,0.004886495770118935,0.00037550900660910367
0.455,0.6669768108584746,0.533834956164279,0.09709452532635363,0.011520632113150712,0.6669768108584746,0.07148949075893138,0.005924050732801717,0.0004619654873795969
0.46,0.7261490370736912,0.5007336075197231,0.08593065504142966,0.00988430788741596,0.7261490370736912,0.08384750504519493,0.007153838075097677,0.0005666230241439526
0.465,0.7827045382418685,0.46706158968786154,0.07575403492243316,0.00845501576292612,0.7827045382418685,0.09779017366083047,0.00860515594933955,0.0006929063235083402
0.47000000000000003,0.8352702114112723,0.43321990078580724,0.06652230445115624,0.007210752196979491,0.8352702114112723,0.11341170811362834,0.010310456825196379,0.0008447935063821671
0.47500000000000003,0.8824969025845957,0.3995845192913555,0.05818784612682171,0.006131186278675251,0.8824969025845957,0.1307912411886628,0.012305430899687959,0.0010268865480785466
0.48,0.9231163463866356,0.3665001215879758,0.05069911545465414,0.005197638211503838,0.9231163463866356,0.14998852928008347,0.01462903718520201,0.0012444869448317007
0.485,0.9559974818330998,0.3342751032025281,0.044001879065555055,0.004393038283032158,0.9559974818330998,0.17103956903726594,0.017323471181773416,0.001503676252237661
0.49,0.9801986733067553,0.303177963949593,0.03804034541822919,0.0037018699034280234,0.9801986733067553,0.19395227281621744,0.02043405776946739,0.0018114009523840752
0.495,0.9950124791926823,0.2734350614724015,0.03275817721753213,0.0031101000631510566,0.9950124791926823,0.21870236638908155,0.024009058019930214,0.002175560891559043
0.5,1.0,0.24522968627662778,0.02809937908374533,0.002605100290218978,1.0,0.245229686276628,0.028099379083745404,0.0026051002902189825
0.505,0.9950124791926823,0.21870236638908122,0.024009058019930165,0.002175560891559041,0.9950124791926823,0.27343506147240154,0.032758177217532235,0.00311010006315106
0.51,0.9801986733067553,0.19395227281621708,0.020434057769467346,0.0018114009523840732,0.9801986733067553,0.3031779639495932,0.038040345418229295,0.003701869903428027
0.515,0.9559974818330998,0.17103956903726564,0.01732347118177338,0.0015036762522376598,0.9559974818330998,0.3342751032025284,0.0440018790655552,0.004393038283032162
0.52,0.9231163463866356,0.14998852928008322,0.014629037185201975,0.0012444869448317,0.9231163463866356,0.36650012158797624,0.0506991154546543,0.005197638211503844
0.525,0.8824969025845952,0.1307912411886626,0.01230543089968794,0.0010268865480785466,0.8824969025845952,0.399584519291356,0.05818784612682188,0.00613118627867526
0.53,0.8352702114112718,0.11341170811362815,0.01031045682519637,0.0008447935063821664,0.8352702114112718,0.43321990078580774,0.06652230445115641,0.007210752196979503
0.535,0.7827045382418679,0.09779017366083033,0.008605155949339544,0.0006929063235083392,0.7827045382418679,0.46706158968786216,0.07575403492243335,0.00845501576292614
0.54,0.7261490370736906,0.08384750504519481,0.007153838075097671,0.0005666230241439516,0.7261490370736906,0.5007336075197237,0.08593065504142987,0.009884307887415981
0.545,0.6669768108584739,0.07148949075893128,0.005924050732801715,0.00046196548737959583,0.6669768108584739,0.5338349561642792,0.09709452532635383,0.01152063211315074
0.55,0.606530659712633,0.060610930537900135,0.004886495770118935,0.00037550900660910297,0.606530659712633,0.5659470862794219,0.10928134783370339,0.013387662857979718
0.555,0.5460744266397088,0.05109942007931593,0.0040149041725524295,0.00030431726768771685,0.5460744266397088,0.596642377468465,0.12251871838454824,0.015510716509795547
0.56,0.48675225595997107,0.042838758013003325,0.0032858789170692464,0.00024588279988446856,0.48675225595997107,0.6254934035835827,0.13682466231736648,0.017916691466013306
0.5650000000000001,0.4295573582107386,0.03571192701130133,0.00267871476205924,0.00019807284091201841,0.4295573582107386,0.652082711146135,0.15220618782476597,0.02063397327304092
0.5700000000000001,0.37531109885139896,0.029603623609244473,0.002175202882258009,0.0001590804664161208,0.37531109885139896,0.676012803265611,0.16865789457314456,0.023692301192067
0.5750000000000001,0.32465246735834913,0.024402331508643748,0.0017594272158212327,0.00012738076376972454,0.32465246735834913,0.6969159979930473,0.18616067814512588,0.027122592809250886
0.58,0.2780373004531946,0.020001950318463763,0.0014175583438046722,0.00010169177768379254,0.2780373004531946,0.714463820551443,0.20468057268620657,0.030956723731359572
0.585,0.23574607655586388,0.016303005541322843,0.0011376497040117182,8.093991878233968e-05,0.23574607655586388,0.7283755944326681,0.22416777479933558,0.03522725996981839
0.59,0.19789869908361496,0.013213476072189331,0.0009094399783834396,6.422950366151774e-05,0.19789869908361496,0.7384259172186363,0.2445558910621902,0.03996714132152525
0.595,0.16447445657715512,0.010649282636923243,0.0007241646057314777,5.081608389962644e-05,0.16447445657715512,0.7444507426012429,0.26576144942785856,0.04520931490421376
0.6,0.13533528323661287,0.008534484720186348,0.0005743785731431616,4.008321996371841e-05,0.13533528323661287,0.7463518390227252,0.2876837111437005,0.05098631899374455
0.605,0.11025052530448537,0.006801234977503497,0.00045379193760352026,3.152236208142405e-05,0.11025052530448537,0.7440994554386084,0.31020481467327604,0.05732981843157363
0.61,0.08892161745938643,0.005389539326419927,0.00035711892716590375,2.471551220562579e-05,0.08892161745938643,0.7377330930627588,0.33319027648079225,0.06427009410855002
0.615,0.07100535373963704,0.004246868330129022,0.00027994096720644916,1.9320357679362373e-05,0.07100535373963704,0.7273603552382307,0.3564898655487125,0.07183549036629984
0.62,0.05613476283413375,0.003327661587228386,0.0002185835675767736,1.5057586790882899e-05,0.05613476283413375,0.7131539221456701,0.3799388593234773,0.08005182556430318
0.625,0.043936933623407434,0.0025927620616289526,0.0001700066841125822,1.170011797074841e-05,0.043936933623407434,0.695346769198315,0.4033596786600142,0.08894177250844176
0.63,0.034047454734599344,0.00200881202094232,0.00013170792462748236,9.063996987210494e-06,0.034047454734599344,0.6742258141185031,0.42656388855728716,0.09852421688929415
0.635,0.026121409853918247,0.0015476368368337447,0.0001016377959193028,7.000739379467915e-06,0.026121409853918247,0.650124234652955,0.4493545403862638,0.10881360329535075
0.64,0.019841094744370288,0.0011856376102870256,7.812607473169811e-05,5.390917925943875e-06,0.019841094744370288,0.6234127440267803,0.47152882028565507,0.11981927970361253
0.645,0.014920786069067842,0.0009032086270158205,5.9818322386864704e-05,4.1388167129862984e-06,0.014920786069067842,0.5944901426271223,0.4928809578383147,0.1315448525612671
0.65,0.011108996538242306,0.0006841911697467617,4.56215406795695e-05,3.167994008575653e-06,0.011108996538242306,0.563773480916892,0.5132053394462004,0.14398756560971546
0.655,0.008188701014374074,0.0005153713048278685,3.465797700564812e-05,2.417615421852232e-06,0.008188701014374074,0.53168816992329,0.5322997623862116,0.15713771641893404
0.66,0.0059760228950059375,0.00038602596212564686,2.6226121834738996e-05,1.8394365974861607e-06,0.0059760228950059375,0.4986583623735279,0.5499687587151915,0.17097812515082628
0.665,0.004317840007633075,0.000287518941434582,1.9767994710568456e-05,1.3953308818301881e-06,0.004317840007633075,0.46509790097587206,0.5660269133151209,0.18548367031344187
0.67,0.003088715408236766,0.00021294637719694213,1.4841880132935227e-05,1.0552719912681834e-06,0.003088715408236766,0.43140209243493627,0.5803020976816003,0.20062090616789363
0.675,0.002187491118182881,0.0001568296261604343,1.1099747070873613e-05,7.956947430818826e-07,0.002187491118182881,0.3979405190155928,0.5926385407364803,0.21634777597795782
0.68,0.0015338106793244604,0.00011485244593810635,8.268661523110151e-06,5.981684399636332e-07,0.0015338106793244604,0.36505104662801596,0.6028996600787471,0.2326134344291177
0.685,0.0010647662366679177,8.363863562779533e-05,6.135577372769955e-06,4.483276192324666e-07,0.0010647662366679177,0.33303513243885247,0.6109705816730586,0.24935819128002493
0.6900000000000001,0.0007318024188804708,6.0565940639798156e-05,4.534964427191652e-06,3.3501369064686013e-07,0.0007318024188804708,0.30215447882371627,0.616760282913354,0.26651358664738856
0.6950000000000001,0.0004979554215032722,4.361191339212258e-05,3.338802296680946e-06,2.495886050559742e-07,0.0004979554215032722,0.27262902676230605,0.6202033030965954,0.2840026062799895
0.7000000000000001,0.00033546262790251066,3.122750600814162e-05,2.4485335102743033e-06,1.8538823604981004e-07,0.00033546262790251066,0.2446362328913127,0.6212609763181268,0.3017400427765956
0.705,0.00022374579372062137,2.2234394606476622e-05,1.788628312328431e-06,1.3728873360267537e-07,0.00022374579372062137,0.2183115322695143,0.6199221542975409,0.31963300598666894
0.71,0.00014774836023203442,1.5742349710318767e-05,1.3014666174961674e-06,1.0136383397270023e-07,0.00014774836023203442,0.19374985484727966,0.6162034002416279,0.33758158285507406
0.715,9.659341372218435e-05,1.1083334897927934e-05,9.432895931699065e-07,7.461508929834627e-08,9.659341372218435e-05,0.1710080384875058,0.6101486490827485,0.35547964379721103
0.72,6.252150377482048e-05,7.759405551737349e-06,6.810144679658888e-07,5.4760311380494855e-08,6.252150377482048e-05,0.1501079654272525,0.6018283438046644,0.3732157893939339
0.725,4.006529739295121e-05,5.4018684978555866e-06,4.897417607148634e-07,4.0068296634332115e-08,4.006529739295121e-05,0.13104024206245207,0.5913380715861283,0.39067442785935236
0.73,2.541934651619934e-05,3.7395351328234358e-06,3.5081461174231887e-07,2.9230193952150722e-08,2.541934651619934e-05,0.11376824320642438,0.5787967366738535,0.4077369704482104
0.735,1.59667838978048e-05,2.5742445370778164e-06,2.503157569356759e-07,2.125976627057031e-08,1.59667838978048e-05,0.09823235048981971,0.5643443187954073,0.4242831288252865
0.74,9.9295043058511e-06,1.7621427899251598e-06,1.7790941756663043e-07,1.5416343499422283e-08,9.9295043058511e-06,0.0843542290567705,0.5481392761479054,0.4401922955099815
0.745,6.113567966371424e-06,1.1994774267076894e-06,1.2595348528328456e-07,1.1145524597149339e-08,6.113567966371424e-06,0.07204100574288358,0.5303556602291074,0.45534498592498335
0.75,3.7266531720786777e-06,8.119014937455789e-07,8.882234253229759e-08,8.033707940732847e-09,3.7266531720786777e-06,0.0611892340197389,0.5111800157746115,0.46962431840298424
0.755,2.2490559670323505e-06,5.464815456127348e-07,6.23929226134749e-08,5.773352884684895e-09,2.2490559670323505e-06,0.05168855472297669,0.4908081426798279,0.48291750681533474
0.76,1.3438122776315214e-06,3.6577094570867436e-07,4.365659027789997e-08,4.1365365468531225e-09,1.3438122776315214e-06,0.04342498562775008,0.4694417979639146,0.49511733934508395
0.765,7.949393615349141e-07,2.434473909758659e-07,3.042748022575055e-08,2.9548979677414554e-09,7.949393615349141e-07,0.036283796150418615,0.44728541461436067,0.5061236163836609
0.77,4.6557157157830946e-07,1.6112537996156105e-07,2.1124390384771922e-08,2.1044816574257127e-09,4.6557157157830946e-07,0.030151944904900002,0.4245429106638177,0.5158445206187771
0.775,2.699578503363014e-07,1.0604407685168119e-07,1.4608470236947718e-08,1.4943248158024327e-09,2.699578503363014e-07,0.02492007682409339,0.40141465630396844,0.5241978931162943
0.78,1.5497531357028967e-07,6.940220267676681e-08,1.0063012358422618e-08,1.0578942679222534e-09,1.5497531357028967e-07,0.020484092604148282,0.37809465951205956,0.5311123905772158
0.785,8.808179196460557e-08,4.5167415495651355e-08,6.904851549583474e-09,7.466844376370039e-10,8.808179196460557e-08,0.0167463160981744,0.35476802188566153,0.5365285009497405
0.79,4.956405319172498e-08,2.9230966204545845e-08,4.719371165651961e-09,5.254479623881969e-10,4.956405319172498e-08,0.013616294932282601,0.3316087065195001,0.5403993971536517
0.795,2.761242456828035e-08,1.8811692241405063e-08,3.2130520385031383e-09,3.6865514852617017e-10,2.761242456828035e-08,0.011011276165175023,0.30877764920487677,0.5426916117704274
0.8,1.522997974471263e-08,1.2038715982030512e-08,2.1789919139573406e-09,2.578749061951642e-10,1.522997974471263e-08,0.008856402519876079,0.28642123338084063,0.543385519091395
0.805,8.316702456828333e-09,7.661273233458459e-09,1.4719671665095735e-09,1.798441300422571e-10,8.316702456828333e-09,0.007084675934443039,0.2646701384978378,0.5424756148079761
0.81,4.4963494622808535e-09,4.8483181141685255e-09,9.904799625725213e-10,1.2504953505066615e-10,4.4963494622808535e-09,0.005636734317771761,0.24363856112252597,0.5399705877714683
0.8150000000000001,2.4067224363010434e-09,3.0510656749342563e-09,6.638940351940538e-10,8.668955198130294e-11,2.4067224363010434e-09,0.004460484892202306,0.22342379853027503,0.5358931825357517
0.8200000000000001,1.2754076295260396e-09,1.9093398633050636e-09,4.4325922835126677e-10,5.991706663957402e-11,1.2754076295260396e-09,0.0035106337885466355,0.20410617596311506,0.5302798557111992
0.8250000000000001,6.691586091292758e-10,1.188193374818896e-09,2.947971018621397e-10,4.1288936278631505e-11,6.691586091292758e-10,0.0027481470374507463,0.18574929138204302,0.523180233387625
0.8300000000000001,3.47589128123991e-10,7.352993929281981e-10,1.9529697060050067e-10,2.8367201096776104e-11,3.47589128123991e-10,0.0021396731370677937,0.16840054555925557,0.5146563809168411
0.835,1.7875588711280003e-10,4.5249678537430226e-10,1.2887692285468012e-10,1.9431182211483052e-11,1.7875588711280003e-10,0.0016569522808158928,0.15209192082162493,0.504781900076494
0.84,9.101470764488032e-11,2.769121671648401e-10,8.471545677246433e-11,1.3270345910047054e-11,9.101470764488032e-11,0.001276232351602336,0.13684096869506845,0.4936408719711807
0.845,4.5879624871393245e-11,1.6851745497544128e-10,5.5470043744533536e-11,9.035786054223515e-12,4.5879624871393245e-11,0.0009777071216514272,0.12265196507802856,0.4813266668822247
0.85,2.289734845645569e-11,1.0198238037531817e-10,3.617955584934918e-11,6.134099153731502e-12,2.289734845645569e-11,0.0007449878743694143,0.10951719130924042,0.467940644586862
0.855,1.1313776200065368e-11,6.137392642651372e-11,2.3505925610172294e-11,4.151809471548823e-12,1.1313776200065368e-11,0.0005646159694490007,0.09741830046696498,0.45359077038116746
0.86,5.534610071701053e-12,3.673011745040856e-11,1.521252960763328e-11,2.8017322995952087e-12,5.534610071701053e-12,0.00042562074335644333,0.08632773028796184,0.43839017312745626
0.865,2.680547637312626e-12,2.1859565658457094e-11,9.806996897862172e-12,1.885035885366652e-12,2.680547637312626e-12,0.0003191245770494695,0.07621012704568561,0.42245567209381846
0.87,1.2853372251336594e-12,1.2937272427606928e-11,6.2976969672222844e-12,1.2644978052801348e-12,1.2853372251336594e-12,0.0002379949460457803,0.06702374838596878,0.40590629916772103
0.875,6.101936677605367e-13,7.614249550370253e-12,4.0284617144763645e-12,8.457160840848127e-13,6.101936677605367e-13,0.0001765417497504246,0.05872181728783536,0.38886184223253467
0.88,2.867975008888108e-13,4.456520458525114e-12,2.5669014080576608e-12,5.639532948290472e-13,2.867975008888108e-13,0.0001302571395203584,0.05125380380394071,0.371441434138291
0.885,1.3345660848219987e-13,2.5938829168843286e-12,1.6292676050478103e-12,3.7495571375939016e-13,1.3345660848219987e-13,9.559436400979955e-05,0.044566615857362796,0.35376220983506906
0.89,6.148396412704778e-14,1.5013839672838602e-12,1.0301250811715057e-12,2.4856788533078797e-13,6.148396412704778e-14,6.978176004548087e-05,0.03860568496390859,0.3359380519435009
0.895,2.804404738222797e-14,8.64214241305645e-13,6.487885482523396e-13,1.6430625684238102e-13,2.804404738222797e-14,5.066787401535881e-05,0.033315937167946306,0.31807844240117045
0.9,1.2664165549094176e-14,4.9469854192113e-13,4.0703717132379467e-13,1.0830104730383361e-13,1.2664165549094176e-14,3.659374385803266e-05,0.028642643605627686,0.3002874349517716
0.905,5.6619955169489504e-15,2.816117488765681e-13,2.5438166811680897e-13,7.119043310610494e-14,5.6619955169489504e-15,2.6288553228602154e-05,0.0245321488488526,0.28266276026306314
0.91,2.5062218871452745e-15,1.5942383336060773e-13,1.583666251007758e-13,4.6675300760488927e-14,2.5062218871452745e-15,1.8785142874066216e-05,0.020932478469514855,0.26529507253140294
0.915,1.098314129828605e-15,8.975312144942704e-14,9.821475635406334e-14,3.053063633475686e-14,1.098314129828605e-15,1.3352193060690758e-05,0.017793830055402846,0.24826734377665724
0.92,4.765304735299088e-16,5.0250615090543066e-14,6.067939313649556e-14,1.993150637318227e-14,4.765304735299088e-16,9.440245971732324e-06,0.015068954190285424,0.23165440998447587
0.925,2.0469717131642043e-16,2.7978907768089594e-14,3.7349622238930846e-14,1.2995036509146382e-14,2.0469717131642043e-16,6.639096170650762e-06,0.012713433688485789,0.2155226723541788
0.93,8.705426622296251e-17,1.549246722781844e-14,2.2906803315464345e-14,8.470192278272252e-15,8.705426622296251e-17,4.644424431849163e-06,0.010685870679522967,0.19992995808924377
0.935,3.665433395601019e-17,8.531310440839272e-15,1.4001425174441827e-14,5.528356529357899e-15,3.665433395601019e-17,3.2318745755667295e-06,0.008947992028704376,0.184925550074863
0.9400000000000001,1.5279799682872937e-17,4.672246132343021e-15,8.532672417399617e-15,3.622415813390542e-15,1.5279799682872937e-17,2.2370677265580822e-06,0.007464684148934359,0.170550406406977
0.9450000000000001,6.306189893986403e-18,2.5449001283233657e-15,5.188277740963971e-15,2.3922543734681277e-15,6.306189893986403e-18,1.5403102905906485e-06,0.00620396866238202,0.15683761449856826
0.9500000000000001,2.5767571091549626e-18,1.3787843788844035e-15,3.151871140106537e-15,1.6015791193775817e-15,2.5767571091549626e-18,1.054980058299449e-06,0.005136930877938091,0.14381317028420412
0.9550000000000001,1.0424061783901525e-18,7.432027273021248e-16,1.917645879821378e-15,1.0958262944716442e-15,1.0424061783901525e-18,7.187701543453196e-07,0.004237614161477603,0.13149725887308478
0.96,4.175010055850574e-19,3.9879250913481533e-16,1.1734846018119124e-15,7.7420609493842e-16,4.175010055850574e-19,4.871352255646085e-07,0.003482895959538332,0.11990637152584421
0.965,1.655522662098798e-19,2.1329573634549079e-16,7.275687043634983e-16,5.711970366995793e-16,1.655522662098798e-19,3.2842125953335117e-07,0.002852367420471687,0.10905688411009946
0.97,6.499347972070986e-20,1.1405787383052612e-16,4.624872899253732e-16,4.443355217852855e-16,6.499347972070986e-20,2.202731978689537e-07,0.0023282521230173405,0.09897125060872812
0.975,2.5261637809257106e-20,6.139955106526917e-17,3.0666234600995876e-16,3.661852211693322e-16,2.5261637809257106e-20,1.4700695438916598e-07,0.0018954282240740876,0.0896889226841916
0.98,9.72098502030085e-21,3.377833111518273e-17,2.1663092038006671e-16,3.190725461475747e-16,9.72098502030085e-21,9.770926633750007e-08,0.0015416782555136754,0.08128583379878562
0.985,3.703531977652397e-21,1.9569548935619126e-17,1.6610525731477986e-16,2.916465978872108e-16,3.703531977652397e-21,6.489674166624977e-08,0.0012584138645688901,0.07390939083601121
0.99,1.3969439431471188e-21,1.2540609401088477e-17,1.3924627369852224e-16,2.7663855383179645e-16,1.3969439431471188e-21,4.3636629100536226e-08,0.001042373378403002,0.06784147288531486
0.995,5.216736662027112e-22,9.373763391938146e-18,1.2654496922126886e-16,2.694069850587646e-16,5.216736662027112e-22,3.1132057385014226e-08,0.0008992970385628869,0.06361184297358054
1.0,1.9287498479639315e-22,8.318148055554702e-18,1.223112010621844e-16,2.6699646213442065e-16,1.9287498479639315e-22,2.6963866813173556e-08,0.0008516049252828487,0.06220196633633576
