estimator,method,QoI,n,rmse
mean,mc,C_out,16,0.02249559226658615
mean,mc,C_out,32,0.014094220571975784
mean,mc,C_out,64,0.009317118358176025
mean,mc,C_out,128,0.008123318203073583
mean,mc,C_out,256,0.005940273119985804
mean,mc,C_out,512,0.0032301073648804335
mean,mc,C_out,1024,0.0027975565410919903
mean,mc,C_out,2048,0.001480410627212804
mean,mc,C_out,4096,0.00116944199132904
mean,mc,X,16,0.021758469365124405
mean,mc,X,32,0.013630319718499413
mean,mc,X,64,0.009455998175867753
mean,mc,X,128,0.008060668715243684
mean,mc,X,256,0.005784600749125915
mean,mc,X,512,0.003262286976571014
mean,mc,X,1024,0.00269635596275282
mean,mc,X,2048,0.0014198154483926642
mean,mc,X,4096,0.0011917535631701616
mean,mc,peak,16,0.008075130818370897
mean,mc,peak,32,0.004692601958968447
mean,mc,peak,64,0.0031187548224086937
mean,mc,peak,128,0.0026890806126945296
mean,mc,peak,256,0.0020617449101829103
mean,mc,peak,512,0.0010629112525047404
mean,mc,peak,1024,0.0009820195780065343
mean,mc,peak,2048,0.0005865067639612718
mean,mc,peak,4096,0.0004268477838798345
mean,mc,t_mean,16,0.16970732068372293
mean,mc,t_mean,32,0.09614067545814793
mean,mc,t_mean,64,0.07451029679358284
mean,mc,t_mean,128,0.06911678544346538
mean,mc,t_mean,256,0.053102063349528515
mean,mc,t_mean,512,0.03375267600757904
mean,mc,t_mean,1024,0.024369865886681562
mean,mc,t_mean,2048,0.01889684640114458
mean,mc,t_mean,4096,0.012863201954911047
mean,mc,exposure,16,0.05638807095168515
mean,mc,exposure,32,0.03532896127645533
mean,mc,exposure,64,0.023354545753383946
mean,mc,exposure,128,0.02036213308242432
mean,mc,exposure,256,0.014890052114909024
mean,mc,exposure,512,0.008096676020425107
mean,mc,exposure,1024,0.007012432401266228
mean,mc,exposure,2048,0.0037108381453157765
mean,mc,exposure,4096,0.002931355432267806
mean,rqmc,C_out,16,0.003032796623429061
mean,rqmc,C_out,32,0.0013222036938032042
mean,rqmc,C_out,64,0.0006611656710177135
mean,rqmc,C_out,128,0.0003017984887187605
mean,rqmc,C_out,256,0.0001266913768117546
mean,rqmc,C_out,512,5.1184654598246596e-05
mean,rqmc,C_out,1024,2.8628727207716175e-05
mean,rqmc,C_out,2048,1.090284758801972e-05
mean,rqmc,C_out,4096,5.56015453775688e-06
mean,rqmc,X,16,0.0028175504513450094
mean,rqmc,X,32,0.001197933770535066
mean,rqmc,X,64,0.0005816314570019196
mean,rqmc,X,128,0.00025960246382950594
mean,rqmc,X,256,0.00011324469469902491
mean,rqmc,X,512,4.3765384138413236e-05
mean,rqmc,X,1024,2.2403603612505708e-05
mean,rqmc,X,2048,9.686801768833481e-06
mean,rqmc,X,4096,4.7141220906332424e-06
mean,rqmc,peak,16,0.001390238983092979
mean,rqmc,peak,32,0.0006288262746981014
mean,rqmc,peak,64,0.0003356267516902005
mean,rqmc,peak,128,0.00014036370180710593
mean,rqmc,peak,256,4.72592626367082e-05
mean,rqmc,peak,512,2.545892989394197e-05
mean,rqmc,peak,1024,1.4158778428405025e-05
mean,rqmc,peak,2048,6.79590686896815e-06
mean,rqmc,peak,4096,2.886091209030738e-06
mean,rqmc,t_mean,16,0.028239507301394896
mean,rqmc,t_mean,32,0.01341150138195427
mean,rqmc,t_mean,64,0.006126686250550463
mean,rqmc,t_mean,128,0.0022684179684867713
mean,rqmc,t_mean,256,0.0009534874980290358
mean,rqmc,t_mean,512,0.0005445495013987068
mean,rqmc,t_mean,1024,0.0003118502705876705
mean,rqmc,t_mean,2048,0.00011885068232689379
mean,rqmc,t_mean,4096,6.40311152613497e-05
mean,rqmc,exposure,16,0.007602091896813126
mean,rqmc,exposure,32,0.0033142726606105143
mean,rqmc,exposure,64,0.001657296104703374
mean,rqmc,exposure,128,0.0007564963497590342
mean,rqmc,exposure,256,0.00031756821761554126
mean,rqmc,exposure,512,0.000128300884456057
mean,rqmc,exposure,1024,7.176153442196738e-05
mean,rqmc,exposure,2048,2.7329420351388753e-05
mean,rqmc,exposure,4096,1.3937252294826863e-05
var,mc,C_out,16,0.001813469454028395
var,mc,C_out,32,0.0012973408963392796
var,mc,C_out,64,0.0010443505691732412
var,mc,C_out,128,0.0006184903991276559
var,mc,C_out,256,0.0005209909214859245
var,mc,C_out,512,0.00038242066034040867
var,mc,C_out,1024,0.00023539466437638473
var,mc,C_out,2048,0.00014623193767612701
var,mc,C_out,4096,0.00010939883032128959
var,mc,X,16,0.0016598225693825483
var,mc,X,32,0.0011492664203249935
var,mc,X,64,0.0008770362043197156
var,mc,X,128,0.0005504305548243889
var,mc,X,256,0.0004891850531321848
var,mc,X,512,0.0003538119418204584
var,mc,X,1024,0.00020504892526295633
var,mc,X,2048,0.00013226202816083352
var,mc,X,4096,9.979568369582615e-05
var,mc,peak,16,0.00033489251841169003
var,mc,peak,32,0.00022302731332440832
var,mc,peak,64,0.00016513700661909588
var,mc,peak,128,0.00011313515230055482
var,mc,peak,256,8.061879558053248e-05
var,mc,peak,512,5.5955251404497415e-05
var,mc,peak,1024,4.020882211023689e-05
var,mc,peak,2048,2.9352974422808382e-05
var,mc,peak,4096,2.3767253833318332e-05
var,mc,t_mean,16,0.22630046339107632
var,mc,t_mean,32,0.14165619305340052
var,mc,t_mean,64,0.10239701789634861
var,mc,t_mean,128,0.07631403221569577
var,mc,t_mean,256,0.054226547858786715
var,mc,t_mean,512,0.03438488435081823
var,mc,t_mean,1024,0.024080883890063253
var,mc,t_mean,2048,0.01646742760244799
var,mc,t_mean,4096,0.012873599438870578
var,mc,exposure,16,0.011394357896404462
var,mc,exposure,32,0.008151428435083435
var,mc,exposure,64,0.00656184414513614
var,mc,exposure,128,0.00388608742251903
var,mc,exposure,256,0.0032734805461730313
var,mc,exposure,512,0.002402818438901142
var,mc,exposure,1024,0.0014790274309333423
var,mc,exposure,2048,0.0009188018345423863
var,mc,exposure,4096,0.0006873727197281078
var,rqmc,C_out,16,0.001107466691943551
var,rqmc,C_out,32,0.0005779265598076257
var,rqmc,C_out,64,0.00018063809699199546
var,rqmc,C_out,128,0.00011148138576761218
var,rqmc,C_out,256,6.469685557268409e-05
var,rqmc,C_out,512,2.600489653175399e-05
var,rqmc,C_out,1024,1.273061163431997e-05
var,rqmc,C_out,2048,7.21986082489258e-06
var,rqmc,C_out,4096,2.818891193277532e-06
var,rqmc,X,16,0.0009113900653655795
var,rqmc,X,32,0.0004802708050474317
var,rqmc,X,64,0.00017851191587566807
var,rqmc,X,128,8.845575231527359e-05
var,rqmc,X,256,5.257604324707604e-05
var,rqmc,X,512,2.2272582157465178e-05
var,rqmc,X,1024,9.066651134043183e-06
var,rqmc,X,2048,4.85587817250105e-06
var,rqmc,X,4096,1.874179741248283e-06
var,rqmc,peak,16,0.00018575895500770354
var,rqmc,peak,32,9.956006946578023e-05
var,rqmc,peak,64,3.720360450729421e-05
var,rqmc,peak,128,2.0318293730671727e-05
var,rqmc,peak,256,1.1506287249840182e-05
var,rqmc,peak,512,4.547213170785044e-06
var,rqmc,peak,1024,3.169273318132705e-06
var,rqmc,peak,2048,1.9251120928496895e-06
var,rqmc,peak,4096,9.460311148666074e-07
var,rqmc,t_mean,16,0.06905477064244854
var,rqmc,t_mean,32,0.04345655168203836
var,rqmc,t_mean,64,0.0207327321164254
var,rqmc,t_mean,128,0.009859232936726308
var,rqmc,t_mean,256,0.006059313384903557
var,rqmc,t_mean,512,0.002317945068034823
var,rqmc,t_mean,1024,0.0014285825002596782
var,rqmc,t_mean,2048,0.0007546713922674275
var,rqmc,t_mean,4096,0.00035947842026526117
var,rqmc,exposure,16,0.0069584143843094744
var,rqmc,exposure,32,0.003631217583064343
var,rqmc,exposure,64,0.0011349820111735281
var,rqmc,exposure,128,0.0007004577841089423
var,rqmc,exposure,256,0.0004065020912934847
var,rqmc,exposure,512,0.0001633935157597309
var,rqmc,exposure,1024,7.99887515884573e-05
var,rqmc,exposure,2048,4.536368743603277e-05
var,rqmc,exposure,4096,1.77116050548276e-05
