n,rmse_mc,rmse_rqmc
16,0.021025951973427038,0.003386928216115731
32,0.014724984624590343,0.0012844688562007286
64,0.010017016701436725,0.000555333875278221
128,0.006846406498440014,0.0003257503331008344
256,0.004596635309602158,0.000129537689734472
512,0.003543573558379712,5.545938733777099e-05
1024,0.002366488034147084,3.194030822363422e-05
2048,0.001735452037172584,1.3338783610429694e-05
4096,0.0011872624816742486,6.55419370624383e-06
8192,0.0007848336028361386,2.6997304309004865e-06
16384,0.0006318187367597583,1.4984386451187072e-06
32768,0.00046938206906725616,6.470201236228387e-07
65536,0.0003074831836701535,3.326050711225062e-07
131072,0.0002295841185912373,1.4670105958275233e-07
262144,0.00015297073452402748,7.208892618356553e-08
