rep,model,lnD,lnk,se_lnD,se_lnk,b_hat,cover_D,cover_k,status
0,M1 no offset,-4.580924553845541,-2.3339268554176305,0.02575145001027339,0.014410457021988555,,True,False,2
0,M2 offset estimated,-4.6139136301511,-2.2838083643453553,0.01584049481993961,0.009525683748627922,0.0030399851957061534,True,False,2
1,M1 no offset,-4.589531659223653,-2.3385991140757816,0.02004566166080975,0.01123246206897905,,True,False,1
1,M2 offset estimated,-4.612568904394974,-2.303316053671033,0.01427272321680853,0.008708333821243974,0.002139710455989711,True,True,2
2,M1 no offset,-4.552127205077769,-2.3173561064439654,0.020392656242217286,0.011354744182992066,,False,True,2
2,M2 offset estimated,-4.570573552049282,-2.2881093079236043,0.01697724778761089,0.010360799194512065,0.001775655464356648,False,True,2
3,M1 no offset,-4.559637826448449,-2.350249679382268,0.01928340110764515,0.010968978791830808,,False,False,2
3,M2 offset estimated,-4.5797141836142465,-2.318463710322454,0.01485595214374629,0.009245165150314573,0.0019131102662595034,True,True,2
4,M1 no offset,-4.600553548180951,-2.321320927335531,0.021403130568812788,0.011817782857950302,,True,True,2
4,M2 offset estimated,-4.6233114757910805,-2.286642508066391,0.01625359283201951,0.009769363314249001,0.002122529449874856,True,True,2
5,M1 no offset,-4.578089205174928,-2.334836082976929,0.021658088023163886,0.012135453335771979,,True,False,1
5,M2 offset estimated,-4.600285686837713,-2.300743466565286,0.0171515842899309,0.010479630118866452,0.0020605598129887206,True,True,2
6,M1 no offset,-4.574704533237332,-2.3400296396634004,0.02316806140857421,0.013039244796615451,,True,False,1
6,M2 offset estimated,-4.601836838777547,-2.298384237269905,0.01629255171448298,0.009933612162185584,0.002511815961313114,True,True,2
7,M1 no offset,-4.576613633538334,-2.321413109888359,0.02004003043756146,0.011127182133565899,,True,True,1
7,M2 offset estimated,-4.5931740203267575,-2.2957297382504573,0.017559679664306792,0.010710400347276884,0.0015659795383678413,True,True,2
8,M1 no offset,-4.58369347332319,-2.3386846730565094,0.018855267653909043,0.010580170684888432,,True,False,1
8,M2 offset estimated,-4.603069979525968,-2.3082928673527174,0.014577974849338525,0.008949537709113288,0.0018458175644043317,True,True,2
9,M1 no offset,-4.576917046841373,-2.3446557277572597,0.0228522090057216,0.012897116748412549,,True,False,1
9,M2 offset estimated,-4.601489395537415,-2.3060355658549727,0.017132654741120443,0.010505033780773413,0.0023362225408141363,True,True,2
10,M1 no offset,-4.571294097818819,-2.329061673298759,0.019586306620715265,0.010947109104418776,,True,False,2
10,M2 offset estimated,-4.593306555190658,-2.294991029437819,0.014096251766224522,0.008593006263324546,0.0020627618340983735,True,True,2
11,M1 no offset,-4.59409929816599,-2.3225283802768524,0.02120534437310737,0.011736016767767792,,True,True,2
11,M2 offset estimated,-4.614773106182666,-2.2906089447399998,0.017086192944389098,0.010323065087270792,0.0019492656303351384,True,True,2
12,M1 no offset,-4.581214739683736,-2.334244528876218,0.022192809582018788,0.012421006521014825,,True,False,1
12,M2 offset estimated,-4.608903662101157,-2.29178817922284,0.014004527873615231,0.008481795495265598,0.002578168839769924,True,True,2
13,M1 no offset,-4.591689101784688,-2.3273622947576613,0.022876472495803497,0.01271110507810621,,True,True,2
13,M2 offset estimated,-4.617306192386681,-2.2878320981368123,0.01644298392593221,0.009907740797567557,0.002410878338038185,True,True,2
14,M1 no offset,-4.584729080698166,-2.3315453891994755,0.02125090730885196,0.011861677563685636,,True,False,2
14,M2 offset estimated,-4.607016952011851,-2.2969597419042738,0.016226995242696517,0.009869731428656226,0.0021079674725358963,True,True,2
15,M1 no offset,-4.586719386453471,-2.3417143595183196,0.022477990570141007,0.012631314663713998,,True,False,2
15,M2 offset estimated,-4.6111626751571775,-2.3044228553348955,0.017134784760993473,0.010466948924376718,0.0022521899119708018,True,True,2
16,M1 no offset,-4.571834360916942,-2.33644439294879,0.019033508455378358,0.01069220387633864,,True,False,2
16,M2 offset estimated,-4.59231265018821,-2.304876450838446,0.014516661208786006,0.008915292700008754,0.001897189911356727,True,True,2
17,M1 no offset,-4.607394648413216,-2.347027593382032,0.01909821986596972,0.01072201369722874,,True,False,1
17,M2 offset estimated,-4.630223290799361,-2.3118352393412405,0.012817930564044965,0.007832477418345384,0.0021392071256418664,True,True,2
18,M1 no offset,-4.557694718998998,-2.336401956630937,0.018293329620388057,0.010309248466054317,,False,False,1
18,M2 offset estimated,-4.573921788317226,-2.310725109502922,0.015565439402958634,0.009647091574694117,0.0015407945940791373,False,True,2
19,M1 no offset,-4.593158597387606,-2.3326428048449244,0.017742100157906213,0.009891684797528551,,True,False,2
19,M2 offset estimated,-4.609944752552679,-2.3067000379681026,0.014610781106309537,0.008942862253989362,0.001577645284159531,True,True,2
20,M1 no offset,-4.589834394468535,-2.336997433322397,0.0162717306935962,0.009106807268756692,,True,False,1
20,M2 offset estimated,-4.605075926185959,-2.3134338821427614,0.013500454209633198,0.008314737200275871,0.0014294372680328747,True,True,2
21,M1 no offset,-4.589430040210732,-2.3490011361502274,0.020978096803702086,0.011842274418649424,,True,False,1
21,M2 offset estimated,-4.613881482961506,-2.311579074727668,0.014877219701756565,0.009128835143840731,0.0022616721060514326,True,True,1
22,M1 no offset,-4.578640633687928,-2.330473545517735,0.020039344816906945,0.011192585021199021,,True,False,2
22,M2 offset estimated,-4.599508655341029,-2.297861335190158,0.015346347643345441,0.009358988593908608,0.0019795314254635187,True,True,2
23,M1 no offset,-4.557769937863679,-2.3398461686532763,0.019453470905157436,0.010989442108049571,,False,False,1
23,M2 offset estimated,-4.571414619625848,-2.318305061952031,0.01800370062751716,0.011227371097482473,0.001296079420024023,True,True,1
24,M1 no offset,-4.588446308797089,-2.3279689269559527,0.021514235009968578,0.011968220832422686,,True,False,2
24,M2 offset estimated,-4.61097549557239,-2.293099116543034,0.016528340346371167,0.01001427686190136,0.0021168351774955825,True,True,2
25,M1 no offset,-4.591681664756945,-2.347563232679151,0.020959700177021874,0.011813758219027177,,True,False,1
25,M2 offset estimated,-4.613563130433955,-2.3137429189810006,0.01633073043745124,0.010037439179789673,0.0020465899208157337,True,True,1
26,M1 no offset,-4.57639511439973,-2.3402649665163753,0.018870650862190325,0.010618289704193153,,True,False,2
26,M2 offset estimated,-4.592411644782654,-2.3151790269095147,0.016428474334079356,0.010165090293291443,0.0015128377966899802,True,True,1
27,M1 no offset,-4.597341788809724,-2.33234499281934,0.018998021421681013,0.01057949647552829,,True,False,1
27,M2 offset estimated,-4.6161193812216545,-2.3036109613297224,0.015359889512176256,0.009364772219045352,0.0017432655282965644,True,True,2
28,M1 no offset,-4.577432209962488,-2.3485149639122995,0.020541975553905995,0.01162367367077878,,True,False,2
28,M2 offset estimated,-4.599146278723687,-2.3145483511151594,0.01571258848939518,0.009700310869082561,0.0020531082992722403,True,True,2
29,M1 no offset,-4.566881776421523,-2.343641251437455,0.02004454477480762,0.011330227711342006,,True,False,2
29,M2 offset estimated,-4.584657093886429,-2.3158958355934973,0.01719262113522856,0.010665362971916479,0.001669514194832448,True,True,2
30,M1 no offset,-4.589118841335084,-2.35241426324279,0.021081330797091874,0.0119303260658697,,True,False,2
30,M2 offset estimated,-4.611374689588991,-2.3184016959352824,0.016534345119487627,0.01020323417313435,0.0020485191540254633,True,True,1
31,M1 no offset,-4.559331565032888,-2.359887995713157,0.020919477277966714,0.01198201917238499,,False,False,2
31,M2 offset estimated,-4.5834986061300445,-2.322452543808032,0.015137741491821255,0.009438558843291409,0.00223517562557539,True,False,1
32,M1 no offset,-4.548294412527994,-2.3456807984771593,0.02346846346498073,0.013340707796111054,,False,False,2
32,M2 offset estimated,-4.574644904818832,-2.304057059727493,0.016978505507057793,0.010470111419749219,0.002495572009574725,True,True,2
33,M1 no offset,-4.596740017892548,-2.3296469041185563,0.018242101530362972,0.010140607604927427,,True,False,2
33,M2 offset estimated,-4.6142868505944525,-2.303081790943871,0.015077375352776673,0.009193487282244265,0.0016114115582388172,True,True,1
34,M1 no offset,-4.607881396105436,-2.327309944643318,0.022293225081096612,0.01234043232212593,,True,False,2
34,M2 offset estimated,-4.631221577462865,-2.2919461459653117,0.01733030437874721,0.010434418892797571,0.0021590380777806216,True,True,2
35,M1 no offset,-4.569717279665572,-2.3376285340937164,0.019846207050454565,0.01116343638904066,,True,False,2
35,M2 offset estimated,-4.59202871793735,-2.3023860371789,0.014031389351778166,0.008602350132534166,0.0021326211565251907,True,True,2
36,M1 no offset,-4.60606231613445,-2.3307791211499813,0.019558635311305302,0.010857842280250034,,True,False,2
36,M2 offset estimated,-4.624468579471376,-2.3025019014538315,0.016182962860098248,0.009836604423848585,0.0017256154182008696,True,True,1
37,M1 no offset,-4.589196983108441,-2.346981074789083,0.021513941597842624,0.012127978504673436,,True,False,2
37,M2 offset estimated,-4.614193388640476,-2.3084200889028352,0.015137064571416248,0.009266105185882554,0.0023330504194119263,True,True,2
38,M1 no offset,-4.540704444992248,-2.35368874014189,0.02070816106704693,0.01185849680180681,,False,False,2
38,M2 offset estimated,-4.5645931578575905,-2.3157898110832007,0.014644191959603788,0.009132064203347447,0.0022542185810028974,False,True,2
39,M1 no offset,-4.585546288606577,-2.338469152235535,0.02082910489947615,0.011681015412448174,,True,False,1
39,M2 offset estimated,-4.605973493200995,-2.306456618185257,0.01670352649641356,0.010232803833663559,0.0019453596858322094,True,True,2
40,M1 no offset,-4.584153226830078,-2.314570196442949,0.022601127643739248,0.012467533436685753,,True,True,2
40,M2 offset estimated,-4.609252784427356,-2.2761936503255784,0.016378050194479677,0.009807355188019479,0.002348246294409519,True,False,1
41,M1 no offset,-4.569759516362223,-2.341999187408341,0.020870732924991628,0.011775865649482563,,True,False,2
41,M2 offset estimated,-4.590188815434232,-2.310147523396972,0.016940139478059522,0.010449496030141328,0.001921821243192926,True,True,2
42,M1 no offset,-4.588558797942755,-2.3262833002189147,0.021339681610716876,0.011856735079238616,,True,False,1
42,M2 offset estimated,-4.6111086235882714,-2.2917842934339787,0.016358836228911877,0.009901781307032816,0.0021017035619457086,True,True,2
43,M1 no offset,-4.567227674247622,-2.3370587302881662,0.020557212691499144,0.0115652975123836,,True,False,1
43,M2 offset estimated,-4.588948636272492,-2.303477650870799,0.015835069621642824,0.009723819902895257,0.0020277667043075123,True,True,2
44,M1 no offset,-4.600470930986514,-2.3275776848149574,0.01947845629157313,0.010802805967308954,,True,False,2
44,M2 offset estimated,-4.621911148120852,-2.2947827538083243,0.01427791460909316,0.00863594727187133,0.0020073937411502194,True,True,2
45,M1 no offset,-4.60590215129557,-2.3370662550247197,0.01982258107455466,0.011053898725905294,,True,False,1
45,M2 offset estimated,-4.627784239968756,-2.303745781935932,0.014741080486880083,0.008960349418490072,0.0020256605271206348,True,True,2
46,M1 no offset,-4.588737639785124,-2.3328332982939624,0.02146502434399356,0.011981059319856201,,True,False,2
46,M2 offset estimated,-4.61185266276568,-2.2973633604298964,0.016265369618580633,0.009883156255938878,0.002151352455332855,True,True,2
47,M1 no offset,-4.579872507838023,-2.3354002891007344,0.021811213536941088,0.012221136267620501,,True,False,2
47,M2 offset estimated,-4.6003740881998425,-2.3034055447445874,0.01802822795012809,0.011036320778583478,0.0019424930763604427,True,True,2
48,M1 no offset,-4.576332764100571,-2.3483535387005796,0.018136620124150973,0.010263987140939946,,True,False,1
48,M2 offset estimated,-4.595273883670876,-2.3189331289791264,0.014100031040152736,0.008741681025175564,0.0017736120754761424,True,True,2
49,M1 no offset,-4.583123334620232,-2.347729326892462,0.02031796207945572,0.01147568448278492,,True,False,1
49,M2 offset estimated,-4.604571115406627,-2.3140045648275547,0.015488952722841575,0.009544684186699988,0.002036979640565635,True,True,2
50,M1 no offset,-4.572812631207424,-2.3446063523985026,0.021868590050605076,0.012353069689011995,,True,False,2
50,M2 offset estimated,-4.597552174098856,-2.305891552686557,0.015603800223842852,0.009576646447574541,0.002343081893493237,True,True,2
51,M1 no offset,-4.5634796003450395,-2.3435053643435735,0.022185786052205544,0.01254904498725341,,True,False,2
51,M2 offset estimated,-4.586537418667706,-2.3073566059294754,0.01729252588828216,0.01065557617253092,0.0021699827788055574,True,True,2
52,M1 no offset,-4.615850343238745,-2.336235323271084,0.02000679813934889,0.01112461122864681,,True,False,2
52,M2 offset estimated,-4.63667671784242,-2.3040427018765084,0.015342664140352888,0.009305828131225508,0.0019716282798208818,False,True,2
53,M1 no offset,-4.584979960859285,-2.3404077333260833,0.01895918781600782,0.010648331081447249,,True,False,2
53,M2 offset estimated,-4.604841322774801,-2.3095714177141304,0.014620002657873362,0.00897947086595592,0.0018651759133143948,True,True,2
54,M1 no offset,-4.570491800063349,-2.337172365191962,0.020970171299826892,0.011789791859122505,,True,False,2
54,M2 offset estimated,-4.5903222585038606,-2.3057666401851598,0.017137353290911754,0.010537160315412207,0.0019038386663655243,True,True,1
55,M1 no offset,-4.5718695873522615,-2.3266687350422046,0.020153662089995486,0.011243829254288686,,True,False,2
55,M2 offset estimated,-4.592270954713492,-2.2949108443770405,0.01587004700776369,0.009676425880055938,0.001920969568734024,True,True,1
56,M1 no offset,-4.5936793671527365,-2.3297583092852796,0.02075914653769071,0.011548842934349842,,True,False,2
56,M2 offset estimated,-4.6155026699907955,-2.296092930991996,0.015886412477379014,0.0096345549228099,0.002050372758108762,True,True,1
57,M1 no offset,-4.592147472148418,-2.3398704646028152,0.020726729524425915,0.01161760779688746,,True,False,1
57,M2 offset estimated,-4.614046005011969,-2.306002978136822,0.015900145829397607,0.009716463747417664,0.0020534869781644103,True,True,2
58,M1 no offset,-4.589487182274836,-2.3388368512101954,0.023116166759875295,0.012955315673628787,,True,False,2
58,M2 offset estimated,-4.612468196797097,-2.303034349090003,0.01849879707288462,0.011284811192526112,0.002172294475124757,True,True,1
59,M1 no offset,-4.589014544236527,-2.3334413622748333,0.018533166312041695,0.010348378927418966,,True,False,2
59,M2 offset estimated,-4.6086778177218095,-2.3028535247067117,0.014002459207494832,0.00854944881425911,0.0018579313495073976,True,True,2
60,M1 no offset,-4.557622866014802,-2.3342163546006076,0.019617686025831457,0.011038812238706053,,False,False,2
60,M2 offset estimated,-4.579158514180967,-2.300567852894557,0.014454373273548187,0.008880405210961773,0.002028519499703496,True,True,2
61,M1 no offset,-4.578905697301926,-2.3239987175026227,0.021137856908983302,0.011751834188556291,,True,True,2
61,M2 offset estimated,-4.601908474341549,-2.2883762938973273,0.015611278194872921,0.00944935053425343,0.0021665914107053784,True,True,2
62,M1 no offset,-4.6087230719075,-2.3268914269226357,0.024348173980557608,0.013471351269317923,,True,True,2
62,M2 offset estimated,-4.633669931951337,-2.2895547655357995,0.01939148313577777,0.011647478065857792,0.002287495735099905,True,True,2
63,M1 no offset,-4.584598066942376,-2.3280996145263417,0.022728257159887272,0.01265592783566435,,True,False,1
63,M2 offset estimated,-4.608096812955562,-2.2918194257811653,0.017674776752166353,0.010707229681989781,0.0022062308268395205,True,True,1
64,M1 no offset,-4.620993665105297,-2.320278366779797,0.02000288849188878,0.01098435681868926,,True,True,2
64,M2 offset estimated,-4.643188878322149,-2.2867352343102088,0.014561416171200018,0.008705988784308403,0.0020641381758728277,False,True,2
65,M1 no offset,-4.600664746853504,-2.3310614129797487,0.02433122407792371,0.013526793893394451,,True,False,2
65,M2 offset estimated,-4.624201373569752,-2.295572415344121,0.020148878311092393,0.012186474689743884,0.002160205601851294,True,True,1
66,M1 no offset,-4.572797980207164,-2.337749061343242,0.022824611542801337,0.012830857767280369,,True,False,2
66,M2 offset estimated,-4.5979961788432595,-2.2986954188984408,0.01687912673234236,0.01030414886502809,0.0023598287775574234,True,True,1
67,M1 no offset,-4.606635851588205,-2.3373627523029876,0.021920223060506096,0.012224143441160119,,True,False,1
67,M2 offset estimated,-4.625374797346882,-2.3084597896868084,0.019055285957563967,0.011630181757324963,0.0017637613226178638,True,True,2
68,M1 no offset,-4.549972054352932,-2.3405509153730963,0.02086767035309844,0.011815053913677934,,False,False,2
68,M2 offset estimated,-4.569844622939507,-2.309085283562416,0.017112365414107957,0.010604671728732515,0.0018917295750378572,False,True,2
69,M1 no offset,-4.578158587782688,-2.3412985391541055,0.018811172073782967,0.010588301206962726,,True,False,1
69,M2 offset estimated,-4.593313598691517,-2.317554937362742,0.016725498622435317,0.01036435413990633,0.0014294586640561898,True,True,1
70,M1 no offset,-4.585738814222764,-2.3306124563919006,0.020003792931254646,0.011155648249851094,,True,False,2
70,M2 offset estimated,-4.606966645012697,-2.297683373343502,0.01513936100604678,0.009213158377458336,0.002001781125014332,True,True,1
71,M1 no offset,-4.577951775547762,-2.3440791588766845,0.020823578184448938,0.011744666225819957,,True,False,2
71,M2 offset estimated,-4.597624221522699,-2.3132289082834885,0.0171516025168017,0.010582787259241128,0.0018716174377880197,True,True,2
72,M1 no offset,-4.5791253878033995,-2.344927639816404,0.01924116919268578,0.010855796559778124,,True,False,2
72,M2 offset estimated,-4.598158814126498,-2.31544012867212,0.015508420301444253,0.009583015069844087,0.001787496104243706,True,True,2
73,M1 no offset,-4.561718954435438,-2.3366055641509016,0.020378325724638754,0.011475384917640377,,False,False,1
73,M2 offset estimated,-4.583256674191261,-2.302491566657085,0.015384642734186722,0.009454795751292011,0.0020571459339096534,True,True,1
74,M1 no offset,-4.586334254864602,-2.323564723758968,0.018224944401320487,0.010111969441340221,,True,False,2
74,M2 offset estimated,-4.6035503922318055,-2.2969237820857105,0.01495615702358395,0.009104978507352639,0.001623489926425221,True,True,1
75,M1 no offset,-4.589781229598995,-2.3453208866203936,0.022695310393014246,0.012777179374402354,,True,False,2
75,M2 offset estimated,-4.6148638488670874,-2.3071074587301013,0.017082038388862457,0.010444834415514375,0.00231015638727244,True,True,2
76,M1 no offset,-4.597048432687346,-2.3354848010725133,0.019824091666069542,0.011064804686551345,,True,False,1
76,M2 offset estimated,-4.616436384326019,-2.305714409418607,0.016118939405816577,0.00984180084484759,0.0018076284324587833,True,True,1
77,M1 no offset,-4.567669363191964,-2.3442702699888076,0.02123177222565129,0.012004499134660828,,True,False,1
77,M2 offset estimated,-4.5912669899512935,-2.3069728286286333,0.015284652896763288,0.00940387174862505,0.002256025256997525,True,True,1
78,M1 no offset,-4.559423022464153,-2.3300377074101766,0.022294954127590576,0.01250345209990122,,False,False,1
78,M2 offset estimated,-4.585443803986806,-2.2897846817382836,0.015460748878394564,0.009409204398474683,0.002431994508930702,True,True,2
79,M1 no offset,-4.5798580705904905,-2.3312250478095526,0.01918732475671484,0.010719382804582058,,True,False,1
79,M2 offset estimated,-4.600041474966283,-2.299767000966017,0.014555170715356648,0.008887496661715497,0.001914293824305666,True,True,2
80,M1 no offset,-4.606433114096527,-2.325667052869571,0.022462057828898284,0.012423625696048124,,True,True,2
80,M2 offset estimated,-4.631922190987222,-2.2869786658819398,0.016138215478369473,0.009679863066225229,0.0023628994932724918,True,True,2
81,M1 no offset,-4.588082306425665,-2.338957326915336,0.01889858825232138,0.010595900816317623,,True,False,2
81,M2 offset estimated,-4.603750394320211,-2.3145931562235504,0.01662197704033304,0.010249524403132126,0.0014746632079250656,True,True,2
82,M1 no offset,-4.612884564385605,-2.329814263284289,0.019123466815830086,0.010592349002265303,,True,False,2
82,M2 offset estimated,-4.632763591483848,-2.2994392664428744,0.01477502718306207,0.008940855163161777,0.0018603712252683385,True,True,2
83,M1 no offset,-4.5796900294730865,-2.3375336008561076,0.020864969055650565,0.011709043962407304,,True,False,1
83,M2 offset estimated,-4.603458101178014,-2.301215330280323,0.015138154473930429,0.009244753342739958,0.0021930405290702002,True,True,2
84,M1 no offset,-4.6236542291648135,-2.330927548229712,0.019735456640603388,0.0109128056155997,,True,False,2
84,M2 offset estimated,-4.639045743845626,-2.307362278690593,0.017726316680527883,0.01077088855730686,0.0014435633826748169,True,True,2
85,M1 no offset,-4.5915780327590845,-2.3417335573767515,0.021234713275855525,0.011919623486905534,,True,False,2
85,M2 offset estimated,-4.613463245388853,-2.3078313053876713,0.01661077900013151,0.010165850093241955,0.0020566267180786224,True,True,2
86,M1 no offset,-4.576526447983915,-2.3438250321987115,0.017468306015349933,0.009853680955097853,,True,False,1
86,M2 offset estimated,-4.594099463402094,-2.3164399962867193,0.013909782037053965,0.008610724637104307,0.0016494395984992286,True,True,2
87,M1 no offset,-4.570863844660237,-2.3335725911542893,0.019997043949950867,0.011213275387004758,,True,False,2
87,M2 offset estimated,-4.592283460040125,-2.300006262634688,0.014926410714524717,0.009134671164643232,0.0020365769327750937,True,True,2
88,M1 no offset,-4.553423217575528,-2.329089804980701,0.01918234623201653,0.010765443718194899,,False,False,2
88,M2 offset estimated,-4.569054880798818,-2.304518895480875,0.016887732878088448,0.01043308409453154,0.0014880577762275647,False,True,2
89,M1 no offset,-4.580073820765686,-2.3394708709520673,0.022128387654241133,0.012433968490445894,,True,False,1
89,M2 offset estimated,-4.602160721439775,-2.3048179577348202,0.017582079041914014,0.01076912460205748,0.0021000760376706853,True,True,2
90,M1 no offset,-4.5798611524994595,-2.3287667218254624,0.02054279390485174,0.011456804018970023,,True,False,2
90,M2 offset estimated,-4.600783047086917,-2.296143103610909,0.016060045373255692,0.009778711478597183,0.0019779730018456183,True,True,1
91,M1 no offset,-4.582174774423473,-2.3289651358112877,0.01889427871521567,0.010533295808830844,,True,False,1
91,M2 offset estimated,-4.600998638221556,-2.2995733093681405,0.014948006936536225,0.00912375266656515,0.0017863948369774983,True,True,1
92,M1 no offset,-4.588238254255345,-2.319823038154238,0.019765463613334283,0.010933144934907614,,True,True,1
92,M2 offset estimated,-4.608900311941196,-2.2877845880822565,0.01498426811389164,0.009048925665500324,0.0019603557646329464,True,True,2
93,M1 no offset,-4.592050427472778,-2.3212799469268353,0.019864028005931872,0.0109892249661009,,True,True,2
93,M2 offset estimated,-4.6089491475721625,-2.295714248918839,0.017412208523042618,0.010575569641595,0.0015509956233777076,True,True,2
94,M1 no offset,-4.56959905384712,-2.3223530144704028,0.022306315918549285,0.012413704980491987,,True,True,2
94,M2 offset estimated,-4.592590322567342,-2.286460328721431,0.017152105585032586,0.010393626807258,0.0021884370773089675,True,True,1
95,M1 no offset,-4.6015452160557855,-2.330961382044889,0.021363803365059757,0.01187383707644718,,True,False,2
95,M2 offset estimated,-4.6224139650023375,-2.298508448315863,0.01708496887061916,0.010360422174453588,0.0019917834596634735,True,True,2
96,M1 no offset,-4.614955150765867,-2.3361224165928625,0.022600551104746243,0.012568420880802659,,True,False,1
96,M2 offset estimated,-4.638027961211643,-2.300652593093122,0.017688996451441206,0.010698533487086508,0.0021771862865380734,True,True,1
97,M1 no offset,-4.590847646174713,-2.3289119222353034,0.020149323406327968,0.011210186234993641,,True,False,2
97,M2 offset estimated,-4.612527490751541,-2.2952112920921235,0.014909847985350947,0.009043734926436285,0.0020609555354005006,True,True,1
98,M1 no offset,-4.5861201652767445,-2.345375004498197,0.020682497215201236,0.011654143433446095,,True,False,2
98,M2 offset estimated,-4.607741769035316,-2.311654949306397,0.01592715507840147,0.009789624262995341,0.002045588425787649,True,True,2
99,M1 no offset,-4.619732810809097,-2.3333786631714366,0.020584504516354286,0.011412435524251712,,True,False,1
99,M2 offset estimated,-4.642025483276212,-2.299711922351652,0.015567637298961153,0.009398939534640596,0.002059732514634295,False,True,2
100,M1 no offset,-4.584269081567342,-2.3358881893768415,0.020095810761046447,0.01125253661542188,,True,False,2
100,M2 offset estimated,-4.6075418856920045,-2.3000073281760467,0.014024728068864841,0.008547944093036011,0.002178617842879776,True,True,2
101,M1 no offset,-4.595553708904204,-2.3471269636640595,0.020212276736538578,0.011378915864985897,,True,False,2
101,M2 offset estimated,-4.617154893299937,-2.3136735435178224,0.015395622738346755,0.009453161424756948,0.002025510660509533,True,True,2
102,M1 no offset,-4.597184264323423,-2.336161609838353,0.018043580813981244,0.010075523139929174,,True,False,1
102,M2 offset estimated,-4.61685433836784,-2.3058133750155343,0.013389801742472273,0.008175139382202675,0.0018446988353695713,True,True,1
103,M1 no offset,-4.573327619029753,-2.338525825863565,0.0178702768915947,0.010050071183122587,,True,False,2
103,M2 offset estimated,-4.587806872426559,-2.3155545100967307,0.015759615176735214,0.009765824454644212,0.001383785761908471,True,True,1
104,M1 no offset,-4.588950356625465,-2.3395618800756024,0.021541151963944627,0.012080284616587278,,True,False,2
104,M2 offset estimated,-4.61092398810857,-2.3052663876545774,0.01688763295585953,0.010322976095932366,0.0020792027591099737,True,True,2
105,M1 no offset,-4.5774154029594465,-2.326062659621051,0.021152094560090963,0.011780830119374778,,True,False,2
105,M2 offset estimated,-4.59811014640794,-2.2934171602502142,0.016836279074664354,0.010238463930608272,0.001985489238594103,True,True,2
106,M1 no offset,-4.5912722305542815,-2.318891441968032,0.018884682696047764,0.010431802481703882,,True,True,1
106,M2 offset estimated,-4.608567985161756,-2.292593743785607,0.015892974996644167,0.009632012536983897,0.001605230362907848,True,True,1
107,M1 no offset,-4.6007278963784906,-2.326818302248354,0.018884980462272796,0.010467429981048782,,True,False,1
107,M2 offset estimated,-4.621796687872145,-2.294725911006702,0.01372644448294789,0.008302305577627152,0.0019609607690620244,True,True,2
108,M1 no offset,-4.587630411335628,-2.3362916581677524,0.02426335920027696,0.013579557638318588,,True,False,2
108,M2 offset estimated,-4.610658107111528,-2.300881220263903,0.02018633599441242,0.01230094153455519,0.0021452633847537468,True,True,2
109,M1 no offset,-4.575244581142982,-2.325202929183329,0.019071810540842057,0.010621093139273601,,True,False,2
109,M2 offset estimated,-4.593003877314315,-2.29770452176938,0.015830681528631287,0.009670064908812339,0.0016711781216599214,True,True,1
110,M1 no offset,-4.574523097354127,-2.330805989801114,0.02117291133960124,0.011839645372703524,,True,False,2
110,M2 offset estimated,-4.594803866191987,-2.299122319960563,0.0172866218615644,0.01056518409047564,0.001919578629603031,True,True,2
111,M1 no offset,-4.582198796318096,-2.3424542422669585,0.020444951225569073,0.011506734473560386,,True,False,2
111,M2 offset estimated,-4.6021849247072115,-2.311145103064856,0.016499030133598342,0.010152362602133085,0.0018961465523303612,True,True,2
112,M1 no offset,-4.566698542553757,-2.3395513113287594,0.019900016790116798,0.011216588412533259,,True,False,2
112,M2 offset estimated,-4.586689433610258,-2.3083703420707065,0.01587510360730731,0.009788981380031425,0.0018768111321445574,True,True,2
113,M1 no offset,-4.5732707498621386,-2.3408393688002103,0.023037451547040972,0.012977382706142819,,True,False,2
113,M2 offset estimated,-4.594321753700488,-2.308428894549116,0.01967022740071545,0.012105076931825049,0.0019445612305447595,True,True,2
114,M1 no offset,-4.568298925768612,-2.3414105433320067,0.02225007801345831,0.012553084003231515,,True,False,1
114,M2 offset estimated,-4.594304287670045,-2.301234754154289,0.015533486823925358,0.009509533393731458,0.0024266184064899504,True,True,2
115,M1 no offset,-4.575096882786397,-2.3485268369927486,0.021528687324314958,0.012188556432799208,,True,False,2
115,M2 offset estimated,-4.596482215043458,-2.3156440662604605,0.017561325821493105,0.01085800172358821,0.001976291078197378,True,True,2
116,M1 no offset,-4.583042426767707,-2.3263301080362,0.019803584381480513,0.011017585322582938,,True,False,2
116,M2 offset estimated,-4.602722188412768,-2.2961567185432945,0.015923096497009546,0.009690390227340284,0.001830057572913654,True,True,2
117,M1 no offset,-4.58820776323838,-2.3509243224306724,0.019167078000363727,0.010837753915794793,,True,False,2
117,M2 offset estimated,-4.606316118666822,-2.3223310922818747,0.015779234626397704,0.009778458761766848,0.0017267935152929174,True,False,2
118,M1 no offset,-4.617510981120542,-2.3255911122789756,0.018745828279457005,0.01034113237943817,,True,False,2
118,M2 offset estimated,-4.632784242284116,-2.301809799430024,0.01643639986361994,0.009963370994989139,0.0014579577680701315,True,True,2
119,M1 no offset,-4.579824413845968,-2.3447632059584986,0.01694551093797993,0.009557962112571807,,True,False,2
119,M2 offset estimated,-4.598798263264316,-2.3153728653656396,0.012376859979839797,0.007646274507391002,0.0017704565657691803,True,True,2
120,M1 no offset,-4.590159922744771,-2.325415996394174,0.021054210867450553,0.011686677443913357,,True,True,1
120,M2 offset estimated,-4.614429871932491,-2.2878949185132553,0.014484623443354293,0.008734885433198036,0.0022942918940109247,True,True,2
121,M1 no offset,-4.570907237507026,-2.3447192866883864,0.018259081663574914,0.010319427589293977,,True,False,1
121,M2 offset estimated,-4.588497076781541,-2.317025861773804,0.014903421125196038,0.009243486119213454,0.001664183753470476,True,True,1
122,M1 no offset,-4.596895046224902,-2.329499244512675,0.020474227645592202,0.011379831879791802,,True,False,1
122,M2 offset estimated,-4.619075370872832,-2.295856137806846,0.015430055154955415,0.00934721585510463,0.0020554996314492025,True,True,1
123,M1 no offset,-4.6028863725921205,-2.3301129943790464,0.02101693960542081,0.011670444841549193,,True,False,1
123,M2 offset estimated,-4.623964434630632,-2.298046883687388,0.01684871348327839,0.010209472479998472,0.0019537638474664944,True,True,2
124,M1 no offset,-4.587152580222906,-2.3380046296619823,0.02108451529915196,0.01181603918372283,,True,False,2
124,M2 offset estimated,-4.608817637779297,-2.305080441426301,0.01682886327916821,0.010291444968082628,0.001985961185717997,True,True,2
125,M1 no offset,-4.605235716640099,-2.3323518130279153,0.02298425530705409,0.012776189132751702,,True,False,2
125,M2 offset estimated,-4.630211792283362,-2.2941663768795433,0.017198845798089425,0.010374816329619885,0.002333030478547271,True,True,2
126,M1 no offset,-4.577401089026396,-2.3555999219219395,0.018396324331510738,0.010462146167431982,,True,False,2
126,M2 offset estimated,-4.594539781104257,-2.328407669187842,0.015281850770506835,0.009542191713328303,0.0016357884861902012,True,False,1
127,M1 no offset,-4.5828756495034195,-2.3356016888996076,0.019165812755900395,0.010733038139168122,,True,False,1
127,M2 offset estimated,-4.601309548209324,-2.3072319179539047,0.015769510349864038,0.009678097065543874,0.0017154257963407035,True,True,2
128,M1 no offset,-4.5765267683061905,-2.3212365278716733,0.02075171388034691,0.01152114291893541,,True,True,2
128,M2 offset estimated,-4.598583260603366,-2.2874561237622513,0.015815473411018046,0.009575137124562916,0.002053406136794136,True,True,2
129,M1 no offset,-4.5850474459801385,-2.333531743519239,0.020271149224854672,0.011329832480021477,,True,False,2
129,M2 offset estimated,-4.60622855027699,-2.300923557801827,0.015731934736657113,0.009598223357389822,0.0019743735168625326,True,True,2
130,M1 no offset,-4.574178424390806,-2.3300933191335647,0.02036464754725421,0.011382864472897153,,True,False,1
130,M2 offset estimated,-4.596209993675584,-2.296000332780444,0.015268597291543982,0.009307233475739814,0.0020623358211104593,True,True,2
131,M1 no offset,-4.593622305723404,-2.325811579723962,0.021143332055165588,0.011730053860377725,,True,False,2
131,M2 offset estimated,-4.614616931674575,-2.293682810770841,0.016955349231954353,0.01026729700583505,0.0019608638179863937,True,True,2
132,M1 no offset,-4.591670298365726,-2.330369378373737,0.022803634831812105,0.012697569532457485,,True,False,1
132,M2 offset estimated,-4.6154680394476895,-2.2941713516836404,0.01779476204228154,0.010776961888357112,0.0022053307112870997,True,True,2
133,M1 no offset,-4.5823123834771895,-2.329939312667251,0.01847182740275648,0.0103045185453677,,True,False,2
133,M2 offset estimated,-4.60153151472175,-2.300087916749851,0.014226314116107863,0.008685260367819969,0.001809121800730255,True,True,1
134,M1 no offset,-4.574240219990775,-2.3296797996202874,0.021222831600659884,0.011858934715412169,,True,False,1
134,M2 offset estimated,-4.595921316717335,-2.2962255527014803,0.016742060422507955,0.010207862531237082,0.0020235057738106107,True,True,2
135,M1 no offset,-4.6172038794711785,-2.322949564819713,0.023512504066716625,0.012947388840978562,,True,True,1
135,M2 offset estimated,-4.6408176915012005,-2.2874749764457203,0.018858252347759598,0.011288280436399267,0.00217830451534306,True,True,2
136,M1 no offset,-4.597063869195088,-2.3275936673961146,0.025540746889324787,0.014176246004428298,,True,True,2
136,M2 offset estimated,-4.625460206966479,-2.284229726940112,0.01876190593055671,0.011250798611818479,0.002643765796412279,True,True,2
137,M1 no offset,-4.58921276854674,-2.3496458624626033,0.01970387263765097,0.01112861195246691,,True,False,1
137,M2 offset estimated,-4.610292627116498,-2.316755579552597,0.01493472257007481,0.009207668609119672,0.001988195081556128,True,True,2
138,M1 no offset,-4.557954547974021,-2.357387954789774,0.01881725312488054,0.010762151690305297,,False,False,2
138,M2 offset estimated,-4.578587616497321,-2.324506726437441,0.013938525072162136,0.008715166260917031,0.001959635297902941,True,False,2
139,M1 no offset,-4.592189086652814,-2.3451517884465702,0.019369141411821278,0.010897309867108004,,True,False,2
139,M2 offset estimated,-4.614896539999277,-2.3098787737407216,0.013260635052344361,0.00812458046253429,0.002139421211378346,True,True,2
140,M1 no offset,-4.567902012848202,-2.328363806996046,0.019853991282414808,0.01109990802627681,,True,False,2
140,M2 offset estimated,-4.588058267427055,-2.2970651578776446,0.015620936384285676,0.009550135436838527,0.0018955206475684792,True,True,2
141,M1 no offset,-4.570464137301705,-2.3345815743244733,0.02028791465036667,0.011385493989730865,,True,False,1
141,M2 offset estimated,-4.591653706005824,-2.3018313641309045,0.01572722942726515,0.009639118745146622,0.0019816008631467967,True,True,1
142,M1 no offset,-4.560427364707821,-2.328445248223328,0.020741845766078584,0.01161680509595116,,False,False,1
142,M2 offset estimated,-4.580397100520953,-2.2969592408997106,0.016770382884956126,0.010273065275832346,0.0019072906093152112,True,True,1
143,M1 no offset,-4.561394333590785,-2.3348452382039993,0.02248821086959235,0.012648769533686658,,True,False,2
143,M2 offset estimated,-4.5832648522170665,-2.3005835195375273,0.01822671486118078,0.011185929727987381,0.0020720721412180263,True,True,2
144,M1 no offset,-4.571047356086977,-2.3408019893118053,0.01942118979545362,0.010945527285704193,,True,False,2
144,M2 offset estimated,-4.59300844461764,-2.306490686776013,0.013843242620002204,0.008510113832305651,0.002075099772283415,True,True,1
145,M1 no offset,-4.5860954091984825,-2.3437060234234735,0.020791091237439118,0.011701543658248239,,True,False,2
145,M2 offset estimated,-4.608047300918836,-2.309739714339948,0.016038259586704115,0.009843348226841067,0.002052269328302472,True,True,2
146,M1 no offset,-4.592840987290182,-2.343359310965685,0.02175842713877893,0.012224163754696453,,True,False,2
146,M2 offset estimated,-4.614869242537455,-2.309016793343361,0.017143921390106134,0.010497274957153793,0.0020890774649801724,True,True,1
147,M1 no offset,-4.570609549248026,-2.3318370091319798,0.021545902760836483,0.012067751441018142,,True,False,2
147,M2 offset estimated,-4.592861380160595,-2.297255086976412,0.01673305529678718,0.01021833700299768,0.002098445886197759,True,True,1
148,M1 no offset,-4.602400315938575,-2.335864471354913,0.020906215258394673,0.011657610469997852,,True,False,2
148,M2 offset estimated,-4.626737416100325,-2.2980461702142914,0.014150566946819682,0.008568145367215776,0.0023154161554388756,True,True,2
149,M1 no offset,-4.584157787936663,-2.340073576341626,0.020593158103745235,0.011565474399722976,,True,False,2
149,M2 offset estimated,-4.605960092820437,-2.306466796119266,0.015880204108400495,0.009728529938225774,0.0020298685161142414,True,True,2
150,M1 no offset,-4.6113054608393,-2.3340926017624026,0.02133074604766672,0.01185513308176667,,True,False,2
150,M2 offset estimated,-4.6370151042723915,-2.2955698026494002,0.014501165715155657,0.008740419982937972,0.002353825296596613,False,True,1
151,M1 no offset,-4.569124638033374,-2.3401813953545068,0.02033064115030994,0.011458077964638422,,True,False,2
151,M2 offset estimated,-4.591480280931259,-2.3051737643934698,0.01493336544462896,0.009175221364779749,0.0021142667532261803,True,True,1
152,M1 no offset,-4.579214864072472,-2.337261987130211,0.024360058937415826,0.013669284279865157,,True,False,2
152,M2 offset estimated,-4.604611896259611,-2.29803658300069,0.019036119046755836,0.011594838807530582,0.002369024940851831,True,True,1
153,M1 no offset,-4.617296637972663,-2.336142711081654,0.021587446176382398,0.011998737224694684,,True,False,1
153,M2 offset estimated,-4.638591430781175,-2.303237864503605,0.01725180574576562,0.010452260068415696,0.0020190182977581814,True,True,2
154,M1 no offset,-4.566213595804247,-2.3376154875797743,0.01684874056857147,0.009484846931381838,,False,False,2
154,M2 offset estimated,-4.581425623924408,-2.313818585485171,0.014254510211972967,0.008836911763001299,0.0014321358427576295,True,True,2
155,M1 no offset,-4.579766447501234,-2.3495774539102663,0.020087260287294312,0.011368924891220518,,True,False,1
155,M2 offset estimated,-4.603345309982162,-2.313264013653544,0.014106139597807167,0.008690690636439074,0.0021853378925034577,True,True,2
156,M1 no offset,-4.617277591914435,-2.3370622799133067,0.022914770438676096,0.012744869909331385,,True,False,1
156,M2 offset estimated,-4.638315245663375,-2.305185242836878,0.01944025528777034,0.011795819705973775,0.0019451602127108334,True,True,2
157,M1 no offset,-4.617470845330267,-2.3095840607925826,0.02149854831138393,0.011726719896362647,,True,True,2
157,M2 offset estimated,-4.638706911336814,-2.2771609413165437,0.017000402624493018,0.010106190822572558,0.0020090377556255096,False,False,2
158,M1 no offset,-4.592911946112297,-2.3346623472212,0.023432295003567763,0.013083512468013073,,True,False,2
158,M2 offset estimated,-4.616379621694157,-2.297801578534172,0.01839599526258092,0.011167764832441869,0.0022528908219569734,True,True,2
159,M1 no offset,-4.605549236236882,-2.348211518545503,0.02212338772788822,0.012436102617782264,,True,False,2
159,M2 offset estimated,-4.632768808720861,-2.306748286389067,0.014680716882199246,0.008931317713722423,0.0025069953642545373,True,True,2
160,M1 no offset,-4.57278837319951,-2.3427059414349554,0.018523447529988527,0.010449484704798782,,True,False,1
160,M2 offset estimated,-4.591379402178104,-2.313392574555427,0.014599906977864948,0.009024381542620362,0.001773876499423177,True,True,1
161,M1 no offset,-4.60497822428786,-2.325743879366957,0.021924424513985217,0.012130991716678717,,True,True,2
161,M2 offset estimated,-4.629361373144881,-2.287825872527937,0.015596170275803739,0.009366963967959423,0.0023239038430144573,True,True,2
162,M1 no offset,-4.571139612081267,-2.3250860789590546,0.020482332351826383,0.011416432367794386,,True,False,2
162,M2 offset estimated,-4.593199995851673,-2.290969122397857,0.015298543168496216,0.009299111289468871,0.002075847217261364,True,True,2
163,M1 no offset,-4.576982256270137,-2.3360430863114785,0.021659630963494457,0.01214972841934423,,True,False,1
163,M2 offset estimated,-4.599642996782011,-2.30086406432445,0.016747814264701563,0.010235581726652749,0.0021265088820806638,True,True,2
164,M1 no offset,-4.600730296046057,-2.3277551757863253,0.021430242115918895,0.011886045619213786,,True,False,2
164,M2 offset estimated,-4.622278586168054,-2.2944578325621667,0.016964482355261358,0.010257471934159771,0.0020268515816531567,True,True,2
165,M1 no offset,-4.5769866079324,-2.3144719319683227,0.02162138593358451,0.011946060073980328,,True,True,2
165,M2 offset estimated,-4.601059217908145,-2.2766242918175714,0.01515184299532749,0.009096010644784035,0.002312072704243124,True,False,2
166,M1 no offset,-4.579286467435803,-2.330197704706334,0.019119046807103232,0.010674920883218293,,True,False,2
166,M2 offset estimated,-4.597031704276978,-2.303129069874667,0.016095869360548205,0.009860198068178045,0.001637848271435039,True,True,1
167,M1 no offset,-4.560277989816679,-2.3366829642210325,0.018959238377023947,0.010680353403889703,,False,False,1
167,M2 offset estimated,-4.57819321202969,-2.3083728390710574,0.015559739893280999,0.009616206678742986,0.0017070364917055256,True,True,2
168,M1 no offset,-4.558815521565765,-2.3313774064621597,0.023278778769174516,0.01306928666513626,,False,False,2
168,M2 offset estimated,-4.581535680785469,-2.2956081824089987,0.01880213757751552,0.01150292892040868,0.0021561911696293587,True,True,2
169,M1 no offset,-4.603548695981781,-2.3310921012112837,0.019584036481289334,0.010880642209886101,,True,False,1
169,M2 offset estimated,-4.624784691934243,-2.2988508721537,0.014739942250896207,0.008934922639908688,0.0019682839107557333,True,True,2
170,M1 no offset,-4.5516949720811155,-2.3483867505482343,0.01998127570574086,0.011371364608655536,,False,False,1
170,M2 offset estimated,-4.5722358560337835,-2.3157090836488714,0.015566343254481975,0.009686976280293217,0.0019572324754397706,False,True,2
171,M1 no offset,-4.618180921608623,-2.33712821074175,0.02255585536762407,0.012543232347632743,,True,False,2
171,M2 offset estimated,-4.6446959758825495,-2.296626284256697,0.015398278730978382,0.009269101924443447,0.0024842727500000716,False,True,2
172,M1 no offset,-4.588490188665958,-2.3311331032432623,0.02005744610987301,0.011182613316593417,,True,False,2
172,M2 offset estimated,-4.608978782720621,-2.2996049578114315,0.015764830597899727,0.009602018220855756,0.001917268897823577,True,True,2
173,M1 no offset,-4.5983006998493625,-2.3355888748148064,0.024213757546237714,0.013512011835785565,,True,False,2
173,M2 offset estimated,-4.625513822751283,-2.294596518112436,0.017899701097628107,0.010814627252929513,0.002498161886854938,True,True,2
174,M1 no offset,-4.575035980399025,-2.3429524840883675,0.017967340551890337,0.010132356699270704,,True,False,2
174,M2 offset estimated,-4.591289894086977,-2.317635650632525,0.015251354573533852,0.0094564933783184,0.0015233088899288293,True,True,2
175,M1 no offset,-4.605583207582219,-2.3398401647897606,0.020779969141605965,0.011611471569062873,,True,False,2
175,M2 offset estimated,-4.6277891321044216,-2.305923143906956,0.015867977677277195,0.0096606656563283,0.0020667469093210438,True,True,2
176,M1 no offset,-4.564173327736581,-2.3244228445201522,0.021398222549279068,0.011940468499540433,,True,True,2
176,M2 offset estimated,-4.584268214663924,-2.2930167100997614,0.017686367008246058,0.010792202609899082,0.0018973614680427798,True,True,2
177,M1 no offset,-4.584336832206969,-2.3440276017247617,0.020893311616204183,0.01176646419509235,,True,False,1
177,M2 offset estimated,-4.604440839855877,-2.3125049216502864,0.017009792206908243,0.010470752092828233,0.001913220702511361,True,True,2
178,M1 no offset,-4.5811753733312175,-2.329525350538583,0.022473116420454565,0.012536257999025125,,True,False,2
178,M2 offset estimated,-4.60668204263951,-2.2896768875180826,0.01575969668748152,0.009535923070995895,0.002423199321569205,True,True,2
179,M1 no offset,-4.594414677199313,-2.336343067515798,0.023518264461758698,0.013142606304078729,,True,False,2
179,M2 offset estimated,-4.618224129972362,-2.2995191741405603,0.0186599557449907,0.011336559546361149,0.002234609080985315,True,True,2
180,M1 no offset,-4.605659897039911,-2.330004243695267,0.022346494149659602,0.012399857985307475,,True,False,2
180,M2 offset estimated,-4.633388086153925,-2.2877980364542094,0.014094544717271224,0.0084557291536974,0.002584080377096606,False,True,1
181,M1 no offset,-4.584783906408929,-2.340914698237622,0.02373174991889463,0.013334190526585719,,True,False,1
181,M2 offset estimated,-4.6146957427992,-2.2952289831683266,0.014967882813079945,0.00907376977240831,0.002769652736050499,True,True,2
182,M1 no offset,-4.547724108902139,-2.3506741876431225,0.020159655089259182,0.011501701084725868,,False,False,2
182,M2 offset estimated,-4.569071971348553,-2.3167020526393105,0.015403328502323848,0.00960047756259019,0.0020264594619605414,False,True,2
183,M1 no offset,-4.58192667050364,-2.3373744334947144,0.01940276222854127,0.01088169468246343,,True,False,2
183,M2 offset estimated,-4.604874630378028,-2.302104283059382,0.01332589951477241,0.008140202104739848,0.0021324713716484416,True,True,2
184,M1 no offset,-4.577020889910846,-2.335947758646941,0.021049754240602816,0.01180672429797428,,True,False,2
184,M2 offset estimated,-4.599335881019016,-2.3013106950392768,0.016032843084455912,0.00980259806985224,0.0021010050990098107,True,True,1
185,M1 no offset,-4.561495110605451,-2.3398480534418282,0.02024501470992719,0.011426935850977893,,False,False,1
185,M2 offset estimated,-4.581344197353963,-2.3089682333371853,0.016446983862512643,0.010160436153755635,0.0018595813851940673,True,True,1
186,M1 no offset,-4.580420961220121,-2.331709267284436,0.021077640818098358,0.011777945943126955,,True,False,1
186,M2 offset estimated,-4.601953105821117,-2.2981131466177698,0.016361373061886942,0.009973303576347,0.0020497037286316467,True,True,2
187,M1 no offset,-4.578441632594508,-2.3436005456691515,0.021312214871825837,0.012014848182157829,,True,False,2
187,M2 offset estimated,-4.601670013155704,-2.307673676380811,0.01600493367681138,0.00982479727402188,0.002171017279490368,True,True,2
188,M1 no offset,-4.5939508544154775,-2.334557782894845,0.02014280264665245,0.011243301429887567,,True,False,2
188,M2 offset estimated,-4.616226439334089,-2.3004339431826417,0.01483285919094222,0.009022291372651538,0.0020777435900073715,True,True,2
189,M1 no offset,-4.562167117464303,-2.3513747955191406,0.021556587530649738,0.012264798866649678,,False,False,2
189,M2 offset estimated,-4.587368737774349,-2.3119720842818494,0.014995368850577392,0.009269096385622157,0.0023702165401640876,True,True,2
190,M1 no offset,-4.583263030309745,-2.3351668744508194,0.021258503046443177,0.011900253588821583,,True,False,2
190,M2 offset estimated,-4.608345907941477,-2.29676114880017,0.01465659220270072,0.008910106383444204,0.002328953883506638,True,True,2
191,M1 no offset,-4.568463200407351,-2.327392678507448,0.022155458523173056,0.012376578747584768,,True,False,2
191,M2 offset estimated,-4.593044313659451,-2.2895462514057847,0.016316029029611462,0.009907817454130153,0.0022875194707265476,True,True,2
192,M1 no offset,-4.5883880217289805,-2.3409723023501066,0.01895598838913212,0.01064251291725365,,True,False,2
192,M2 offset estimated,-4.606810420717857,-2.3122627414637025,0.015360782880486921,0.009448038423030908,0.0017414345670373305,True,True,2
193,M1 no offset,-4.580886110955226,-2.3445270212244655,0.02085045508927748,0.011755706262061766,,True,False,1
193,M2 offset estimated,-4.604571490480957,-2.30738501284988,0.014706232579773191,0.009018698414718347,0.002252389350327523,True,True,2
194,M1 no offset,-4.5876404305810174,-2.338573642810607,0.019367978426875026,0.010857224805754372,,True,False,2
194,M2 offset estimated,-4.605664058948483,-2.310433954970466,0.016087025283906438,0.00988455162627837,0.0017069259664803267,True,True,2
195,M1 no offset,-4.590697772426616,-2.3385698983392738,0.023757824379551932,0.013308729392090182,,True,False,2
195,M2 offset estimated,-4.613801819984264,-2.3023745327874248,0.01920900606049338,0.01170825603294057,0.002199588815651934,True,True,2
196,M1 no offset,-4.586033112577869,-2.3331440686334584,0.02077582659132118,0.011606105348322678,,True,False,1
196,M2 offset estimated,-4.6075640892245024,-2.300127220127194,0.01627636269362524,0.009921092989712641,0.00199990993309737,True,True,1
197,M1 no offset,-4.5883646593307885,-2.334044463866544,0.019071494220358837,0.0106550900339685,,True,False,2
197,M2 offset estimated,-4.6070264104638285,-2.305078274946631,0.015358910036969046,0.009396994642607384,0.0017618905867351914,True,True,2
198,M1 no offset,-4.561652833101566,-2.344214110081215,0.02037665181327508,0.011536279642000331,,False,False,2
198,M2 offset estimated,-4.582769239156452,-2.311216729370949,0.015870948861037116,0.0098169012476792,0.0019900684852048223,True,True,2
199,M1 no offset,-4.573288745899808,-2.337717009906292,0.019473252413768353,0.0109454184872241,,True,False,2
199,M2 offset estimated,-4.590387406028344,-2.310528026481937,0.016571846934417794,0.010224606079369628,0.001640750807990193,True,True,2
